-- First User admin/pass
-- database root/pass
INSERT INTO users (username, password, enabled) values
    ('admin@venus.com', '$2a$10$8.UnVuG9HHgffUDAlk8qfOuVGkqRzgVymGe07xd00DMxs.AQubh4a',1),
    ('paulaguilar@venus.com', '$2a$10$57HgFrJ3eD2N0L01cPltIeUxl0gC/yRzEHP0AySGLp8HE8GX6NuCe',1),
    ('jonoliver@venus.com', '$2a$10$8.UnVuG9HHgffUDAlk8qfOuVGkqRzgVymGe07xd00DMxs.AQubh4a',1),
    ('claudinezhang@venus.com', '$2a$10$8.UnVuG9HHgffUDAlk8qfOuVGkqRzgVymGe07xd00DMxs.AQubh4a',1),
    ('lovelinkumar@venus.com', '$2a$10$8.UnVuG9HHgffUDAlk8qfOuVGkqRzgVymGe07xd00DMxs.AQubh4a',1),
    ('michelkouame@venus.com', '$2a$10$8.UnVuG9HHgffUDAlk8qfOuVGkqRzgVymGe07xd00DMxs.AQubh4a',0),
    ('angelinacosta@venus.com', '$2a$10$8.UnVuG9HHgffUDAlk8qfOuVGkqRzgVymGe07xd00DMxs.AQubh4a',0),
    ('brijeshgupta@venus.com', '$2a$10$8.UnVuG9HHgffUDAlk8qfOuVGkqRzgVymGe07xd00DMxs.AQubh4a',1),
    ('amyfofana@venus.com', '$2a$10$8.UnVuG9HHgffUDAlk8qfOuVGkqRzgVymGe07xd00DMxs.AQubh4a', 1),
    ('testuser1@venus.com', '$2a$10$8.UnVuG9HHgffUDAlk8qfOuVGkqRzgVymGe07xd00DMxs.AQubh4a', 1),
    ('testuser2@venus.com', '$2a$10$8.UnVuG9HHgffUDAlk8qfOuVGkqRzgVymGe07xd00DMxs.AQubh4a', 1),
    ('testuser3@venus.com', '$2a$10$8.UnVuG9HHgffUDAlk8qfOuVGkqRzgVymGe07xd00DMxs.AQubh4a', 1),
    ('testuser4@venus.com', '$2a$10$8.UnVuG9HHgffUDAlk8qfOuVGkqRzgVymGe07xd00DMxs.AQubh4a', 1),
    ('testuser5@venus.com', '$2a$10$8.UnVuG9HHgffUDAlk8qfOuVGkqRzgVymGe07xd00DMxs.AQubh4a', 1),
    ('testuser6@venus.com', '$2a$10$8.UnVuG9HHgffUDAlk8qfOuVGkqRzgVymGe07xd00DMxs.AQubh4a', 1),
    ('testuser7@venus.com', '$2a$10$8.UnVuG9HHgffUDAlk8qfOuVGkqRzgVymGe07xd00DMxs.AQubh4a', 1),
    ('testuser8@venus.com', '$2a$10$8.UnVuG9HHgffUDAlk8qfOuVGkqRzgVymGe07xd00DMxs.AQubh4a', 1),
    ('testuser9@venus.com', '$2a$10$8.UnVuG9HHgffUDAlk8qfOuVGkqRzgVymGe07xd00DMxs.AQubh4a', 1),
    ('testuser10@venus.com', '$2a$10$8.UnVuG9HHgffUDAlk8qfOuVGkqRzgVymGe07xd00DMxs.AQubh4a', 1),
    ('testuser11@venus.com', '$2a$10$8.UnVuG9HHgffUDAlk8qfOuVGkqRzgVymGe07xd00DMxs.AQubh4a', 1),
    ('testuser12@venus.com', '$2a$10$8.UnVuG9HHgffUDAlk8qfOuVGkqRzgVymGe07xd00DMxs.AQubh4a', 1),
    ('testuser13@venus.com', '$2a$10$8.UnVuG9HHgffUDAlk8qfOuVGkqRzgVymGe07xd00DMxs.AQubh4a', 1),
    ('testuser14@venus.com', '$2a$10$8.UnVuG9HHgffUDAlk8qfOuVGkqRzgVymGe07xd00DMxs.AQubh4a', 1),
    ('testuser15@venus.com', '$2a$10$8.UnVuG9HHgffUDAlk8qfOuVGkqRzgVymGe07xd00DMxs.AQubh4a', 1),
    ('testuser16@venus.com', '$2a$10$8.UnVuG9HHgffUDAlk8qfOuVGkqRzgVymGe07xd00DMxs.AQubh4a', 1),
    ('testuser17@venus.com', '$2a$10$8.UnVuG9HHgffUDAlk8qfOuVGkqRzgVymGe07xd00DMxs.AQubh4a', 1),
    ('testuser18@venus.com', '$2a$10$8.UnVuG9HHgffUDAlk8qfOuVGkqRzgVymGe07xd00DMxs.AQubh4a', 1),
    ('testuser19@venus.com', '$2a$10$8.UnVuG9HHgffUDAlk8qfOuVGkqRzgVymGe07xd00DMxs.AQubh4a', 1),
    ('testuser20@venus.com', '$2a$10$8.UnVuG9HHgffUDAlk8qfOuVGkqRzgVymGe07xd00DMxs.AQubh4a', 1),
    ('testuser21@venus.com', '$2a$10$8.UnVuG9HHgffUDAlk8qfOuVGkqRzgVymGe07xd00DMxs.AQubh4a', 1),
    ('testuser22@venus.com', '$2a$10$8.UnVuG9HHgffUDAlk8qfOuVGkqRzgVymGe07xd00DMxs.AQubh4a', 1),
    ('testuser23@venus.com', '$2a$10$8.UnVuG9HHgffUDAlk8qfOuVGkqRzgVymGe07xd00DMxs.AQubh4a', 1),
    ('testuser24@venus.com', '$2a$10$8.UnVuG9HHgffUDAlk8qfOuVGkqRzgVymGe07xd00DMxs.AQubh4a', 1),
    ('testuser25@venus.com', '$2a$10$8.UnVuG9HHgffUDAlk8qfOuVGkqRzgVymGe07xd00DMxs.AQubh4a', 1),
    ('testuser26@venus.com', '$2a$10$8.UnVuG9HHgffUDAlk8qfOuVGkqRzgVymGe07xd00DMxs.AQubh4a', 1),
    ('testuser27@venus.com', '$2a$10$8.UnVuG9HHgffUDAlk8qfOuVGkqRzgVymGe07xd00DMxs.AQubh4a', 1),
    ('testuser28@venus.com', '$2a$10$8.UnVuG9HHgffUDAlk8qfOuVGkqRzgVymGe07xd00DMxs.AQubh4a', 1),
    ('testuser29@venus.com', '$2a$10$8.UnVuG9HHgffUDAlk8qfOuVGkqRzgVymGe07xd00DMxs.AQubh4a', 1),
    ('testuser30@venus.com', '$2a$10$8.UnVuG9HHgffUDAlk8qfOuVGkqRzgVymGe07xd00DMxs.AQubh4a', 1),
    ('testuser31@venus.com', '$2a$10$8.UnVuG9HHgffUDAlk8qfOuVGkqRzgVymGe07xd00DMxs.AQubh4a', 1),
    ('testuser32@venus.com', '$2a$10$8.UnVuG9HHgffUDAlk8qfOuVGkqRzgVymGe07xd00DMxs.AQubh4a', 1),
    ('testuser33@venus.com', '$2a$10$8.UnVuG9HHgffUDAlk8qfOuVGkqRzgVymGe07xd00DMxs.AQubh4a', 1),
    ('testuser34@venus.com', '$2a$10$8.UnVuG9HHgffUDAlk8qfOuVGkqRzgVymGe07xd00DMxs.AQubh4a', 1),
    ('testuser35@venus.com', '$2a$10$8.UnVuG9HHgffUDAlk8qfOuVGkqRzgVymGe07xd00DMxs.AQubh4a', 1),
    ('testuser36@venus.com', '$2a$10$8.UnVuG9HHgffUDAlk8qfOuVGkqRzgVymGe07xd00DMxs.AQubh4a', 1),
    ('testuser37@venus.com', '$2a$10$8.UnVuG9HHgffUDAlk8qfOuVGkqRzgVymGe07xd00DMxs.AQubh4a', 1),
    ('testuser38@venus.com', '$2a$10$8.UnVuG9HHgffUDAlk8qfOuVGkqRzgVymGe07xd00DMxs.AQubh4a', 1),
    ('testuser39@venus.com', '$2a$10$8.UnVuG9HHgffUDAlk8qfOuVGkqRzgVymGe07xd00DMxs.AQubh4a', 1),
    ('testuser40@venus.com', '$2a$10$8.UnVuG9HHgffUDAlk8qfOuVGkqRzgVymGe07xd00DMxs.AQubh4a', 1),
    ('testuser41@venus.com', '$2a$10$8.UnVuG9HHgffUDAlk8qfOuVGkqRzgVymGe07xd00DMxs.AQubh4a', 1),
    ('testuser42@venus.com', '$2a$10$8.UnVuG9HHgffUDAlk8qfOuVGkqRzgVymGe07xd00DMxs.AQubh4a', 1),
    ('testuser43@venus.com', '$2a$10$8.UnVuG9HHgffUDAlk8qfOuVGkqRzgVymGe07xd00DMxs.AQubh4a', 1),
    ('testuser44@venus.com', '$2a$10$8.UnVuG9HHgffUDAlk8qfOuVGkqRzgVymGe07xd00DMxs.AQubh4a', 1),
    ('testuser45@venus.com', '$2a$10$8.UnVuG9HHgffUDAlk8qfOuVGkqRzgVymGe07xd00DMxs.AQubh4a', 1),
    ('testuser46@venus.com', '$2a$10$8.UnVuG9HHgffUDAlk8qfOuVGkqRzgVymGe07xd00DMxs.AQubh4a', 1),
    ('testuser47@venus.com', '$2a$10$8.UnVuG9HHgffUDAlk8qfOuVGkqRzgVymGe07xd00DMxs.AQubh4a', 1),
    ('testuser48@venus.com', '$2a$10$8.UnVuG9HHgffUDAlk8qfOuVGkqRzgVymGe07xd00DMxs.AQubh4a', 1),
    ('testuser49@venus.com', '$2a$10$8.UnVuG9HHgffUDAlk8qfOuVGkqRzgVymGe07xd00DMxs.AQubh4a', 1),
    ('testuser50@venus.com', '$2a$10$8.UnVuG9HHgffUDAlk8qfOuVGkqRzgVymGe07xd00DMxs.AQubh4a', 1),
    ('testuser51@venus.com', '$2a$10$8.UnVuG9HHgffUDAlk8qfOuVGkqRzgVymGe07xd00DMxs.AQubh4a', 1),
    ('testuser52@venus.com', '$2a$10$8.UnVuG9HHgffUDAlk8qfOuVGkqRzgVymGe07xd00DMxs.AQubh4a', 1),
    ('testuser53@venus.com', '$2a$10$8.UnVuG9HHgffUDAlk8qfOuVGkqRzgVymGe07xd00DMxs.AQubh4a', 1),
    ('testuser54@venus.com', '$2a$10$8.UnVuG9HHgffUDAlk8qfOuVGkqRzgVymGe07xd00DMxs.AQubh4a', 1),
    ('testuser55@venus.com', '$2a$10$8.UnVuG9HHgffUDAlk8qfOuVGkqRzgVymGe07xd00DMxs.AQubh4a', 1),
    ('testuser56@venus.com', '$2a$10$8.UnVuG9HHgffUDAlk8qfOuVGkqRzgVymGe07xd00DMxs.AQubh4a', 1),
    ('testuser57@venus.com', '$2a$10$8.UnVuG9HHgffUDAlk8qfOuVGkqRzgVymGe07xd00DMxs.AQubh4a', 1),
    ('testuser58@venus.com', '$2a$10$8.UnVuG9HHgffUDAlk8qfOuVGkqRzgVymGe07xd00DMxs.AQubh4a', 1),
    ('testuser59@venus.com', '$2a$10$8.UnVuG9HHgffUDAlk8qfOuVGkqRzgVymGe07xd00DMxs.AQubh4a', 1),
    ('testuser60@venus.com', '$2a$10$8.UnVuG9HHgffUDAlk8qfOuVGkqRzgVymGe07xd00DMxs.AQubh4a', 1),
    ('testuser61@venus.com', '$2a$10$8.UnVuG9HHgffUDAlk8qfOuVGkqRzgVymGe07xd00DMxs.AQubh4a', 1),
    ('testuser62@venus.com', '$2a$10$8.UnVuG9HHgffUDAlk8qfOuVGkqRzgVymGe07xd00DMxs.AQubh4a', 1),
    ('testuser63@venus.com', '$2a$10$8.UnVuG9HHgffUDAlk8qfOuVGkqRzgVymGe07xd00DMxs.AQubh4a', 1),
    ('testuser64@venus.com', '$2a$10$8.UnVuG9HHgffUDAlk8qfOuVGkqRzgVymGe07xd00DMxs.AQubh4a', 1),
    ('testuser65@venus.com', '$2a$10$8.UnVuG9HHgffUDAlk8qfOuVGkqRzgVymGe07xd00DMxs.AQubh4a', 1),
    ('testuser66@venus.com', '$2a$10$8.UnVuG9HHgffUDAlk8qfOuVGkqRzgVymGe07xd00DMxs.AQubh4a', 1),
    ('testuser67@venus.com', '$2a$10$8.UnVuG9HHgffUDAlk8qfOuVGkqRzgVymGe07xd00DMxs.AQubh4a', 1),
    ('testuser68@venus.com', '$2a$10$8.UnVuG9HHgffUDAlk8qfOuVGkqRzgVymGe07xd00DMxs.AQubh4a', 1),
    ('testuser69@venus.com', '$2a$10$8.UnVuG9HHgffUDAlk8qfOuVGkqRzgVymGe07xd00DMxs.AQubh4a', 1),
    ('testuser70@venus.com', '$2a$10$8.UnVuG9HHgffUDAlk8qfOuVGkqRzgVymGe07xd00DMxs.AQubh4a', 1),
    ('testuser71@venus.com', '$2a$10$8.UnVuG9HHgffUDAlk8qfOuVGkqRzgVymGe07xd00DMxs.AQubh4a', 1),
    ('testuser72@venus.com', '$2a$10$8.UnVuG9HHgffUDAlk8qfOuVGkqRzgVymGe07xd00DMxs.AQubh4a', 1),
    ('testuser73@venus.com', '$2a$10$8.UnVuG9HHgffUDAlk8qfOuVGkqRzgVymGe07xd00DMxs.AQubh4a', 1),
    ('testuser74@venus.com', '$2a$10$8.UnVuG9HHgffUDAlk8qfOuVGkqRzgVymGe07xd00DMxs.AQubh4a', 1),
    ('testuser75@venus.com', '$2a$10$8.UnVuG9HHgffUDAlk8qfOuVGkqRzgVymGe07xd00DMxs.AQubh4a', 1),
    ('testuser76@venus.com', '$2a$10$8.UnVuG9HHgffUDAlk8qfOuVGkqRzgVymGe07xd00DMxs.AQubh4a', 1),
    ('testuser77@venus.com', '$2a$10$8.UnVuG9HHgffUDAlk8qfOuVGkqRzgVymGe07xd00DMxs.AQubh4a', 1),
    ('testuser78@venus.com', '$2a$10$8.UnVuG9HHgffUDAlk8qfOuVGkqRzgVymGe07xd00DMxs.AQubh4a', 1),
    ('testuser79@venus.com', '$2a$10$8.UnVuG9HHgffUDAlk8qfOuVGkqRzgVymGe07xd00DMxs.AQubh4a', 1),
    ('testuser80@venus.com', '$2a$10$8.UnVuG9HHgffUDAlk8qfOuVGkqRzgVymGe07xd00DMxs.AQubh4a', 1),
    ('testuser81@venus.com', '$2a$10$8.UnVuG9HHgffUDAlk8qfOuVGkqRzgVymGe07xd00DMxs.AQubh4a', 1),
    ('testuser82@venus.com', '$2a$10$8.UnVuG9HHgffUDAlk8qfOuVGkqRzgVymGe07xd00DMxs.AQubh4a', 1),
    ('testuser83@venus.com', '$2a$10$8.UnVuG9HHgffUDAlk8qfOuVGkqRzgVymGe07xd00DMxs.AQubh4a', 1),
    ('testuser84@venus.com', '$2a$10$8.UnVuG9HHgffUDAlk8qfOuVGkqRzgVymGe07xd00DMxs.AQubh4a', 1),
    ('testuser85@venus.com', '$2a$10$8.UnVuG9HHgffUDAlk8qfOuVGkqRzgVymGe07xd00DMxs.AQubh4a', 1),
    ('testuser86@venus.com', '$2a$10$8.UnVuG9HHgffUDAlk8qfOuVGkqRzgVymGe07xd00DMxs.AQubh4a', 1),
    ('testuser87@venus.com', '$2a$10$8.UnVuG9HHgffUDAlk8qfOuVGkqRzgVymGe07xd00DMxs.AQubh4a', 1),
    ('testuser88@venus.com', '$2a$10$8.UnVuG9HHgffUDAlk8qfOuVGkqRzgVymGe07xd00DMxs.AQubh4a', 1),
    ('testuser89@venus.com', '$2a$10$8.UnVuG9HHgffUDAlk8qfOuVGkqRzgVymGe07xd00DMxs.AQubh4a', 1),
    ('testuser90@venus.com', '$2a$10$8.UnVuG9HHgffUDAlk8qfOuVGkqRzgVymGe07xd00DMxs.AQubh4a', 1),
    ('testuser91@venus.com', '$2a$10$8.UnVuG9HHgffUDAlk8qfOuVGkqRzgVymGe07xd00DMxs.AQubh4a', 1),
    ('testuser92@venus.com', '$2a$10$8.UnVuG9HHgffUDAlk8qfOuVGkqRzgVymGe07xd00DMxs.AQubh4a', 1),
    ('testuser93@venus.com', '$2a$10$8.UnVuG9HHgffUDAlk8qfOuVGkqRzgVymGe07xd00DMxs.AQubh4a', 1),
    ('testuser94@venus.com', '$2a$10$8.UnVuG9HHgffUDAlk8qfOuVGkqRzgVymGe07xd00DMxs.AQubh4a', 1),
    ('testuser95@venus.com', '$2a$10$8.UnVuG9HHgffUDAlk8qfOuVGkqRzgVymGe07xd00DMxs.AQubh4a', 1),
    ('testuser96@venus.com', '$2a$10$8.UnVuG9HHgffUDAlk8qfOuVGkqRzgVymGe07xd00DMxs.AQubh4a', 1),
    ('testuser97@venus.com', '$2a$10$8.UnVuG9HHgffUDAlk8qfOuVGkqRzgVymGe07xd00DMxs.AQubh4a', 1),
    ('testuser98@venus.com', '$2a$10$8.UnVuG9HHgffUDAlk8qfOuVGkqRzgVymGe07xd00DMxs.AQubh4a', 1),
    ('testuser99@venus.com', '$2a$10$8.UnVuG9HHgffUDAlk8qfOuVGkqRzgVymGe07xd00DMxs.AQubh4a', 1),
    ('testuser100@venus.com', '$2a$10$8.UnVuG9HHgffUDAlk8qfOuVGkqRzgVymGe07xd00DMxs.AQubh4a', 1),
    ('testuser101@venus.com', '$2a$10$8.UnVuG9HHgffUDAlk8qfOuVGkqRzgVymGe07xd00DMxs.AQubh4a', 1),
    ('testuser102@venus.com', '$2a$10$8.UnVuG9HHgffUDAlk8qfOuVGkqRzgVymGe07xd00DMxs.AQubh4a', 1),
    ('testuser103@venus.com', '$2a$10$8.UnVuG9HHgffUDAlk8qfOuVGkqRzgVymGe07xd00DMxs.AQubh4a', 1),
    ('testuser104@venus.com', '$2a$10$8.UnVuG9HHgffUDAlk8qfOuVGkqRzgVymGe07xd00DMxs.AQubh4a', 1),
    ('testuser105@venus.com', '$2a$10$8.UnVuG9HHgffUDAlk8qfOuVGkqRzgVymGe07xd00DMxs.AQubh4a', 1),
    ('testuser106@venus.com', '$2a$10$8.UnVuG9HHgffUDAlk8qfOuVGkqRzgVymGe07xd00DMxs.AQubh4a', 1),
    ('testuser107@venus.com', '$2a$10$8.UnVuG9HHgffUDAlk8qfOuVGkqRzgVymGe07xd00DMxs.AQubh4a', 1),
    ('testuser108@venus.com', '$2a$10$8.UnVuG9HHgffUDAlk8qfOuVGkqRzgVymGe07xd00DMxs.AQubh4a', 1),
    ('testuser109@venus.com', '$2a$10$8.UnVuG9HHgffUDAlk8qfOuVGkqRzgVymGe07xd00DMxs.AQubh4a', 1),
    ('testuser110@venus.com', '$2a$10$8.UnVuG9HHgffUDAlk8qfOuVGkqRzgVymGe07xd00DMxs.AQubh4a', 1),
    ('testuser111@venus.com', '$2a$10$8.UnVuG9HHgffUDAlk8qfOuVGkqRzgVymGe07xd00DMxs.AQubh4a', 1),
    ('testuser112@venus.com', '$2a$10$8.UnVuG9HHgffUDAlk8qfOuVGkqRzgVymGe07xd00DMxs.AQubh4a', 1),
    ('testuser113@venus.com', '$2a$10$8.UnVuG9HHgffUDAlk8qfOuVGkqRzgVymGe07xd00DMxs.AQubh4a', 1),
    ('testuser114@venus.com', '$2a$10$8.UnVuG9HHgffUDAlk8qfOuVGkqRzgVymGe07xd00DMxs.AQubh4a', 1),
    ('testuser115@venus.com', '$2a$10$8.UnVuG9HHgffUDAlk8qfOuVGkqRzgVymGe07xd00DMxs.AQubh4a', 1),
    ('testuser116@venus.com', '$2a$10$8.UnVuG9HHgffUDAlk8qfOuVGkqRzgVymGe07xd00DMxs.AQubh4a', 1),
    ('testuser117@venus.com', '$2a$10$8.UnVuG9HHgffUDAlk8qfOuVGkqRzgVymGe07xd00DMxs.AQubh4a', 1),
    ('testuser118@venus.com', '$2a$10$8.UnVuG9HHgffUDAlk8qfOuVGkqRzgVymGe07xd00DMxs.AQubh4a', 1),
    ('testuser119@venus.com', '$2a$10$8.UnVuG9HHgffUDAlk8qfOuVGkqRzgVymGe07xd00DMxs.AQubh4a', 1),
    ('testuser120@venus.com', '$2a$10$8.UnVuG9HHgffUDAlk8qfOuVGkqRzgVymGe07xd00DMxs.AQubh4a', 1),
    ('testuser121@venus.com', '$2a$10$8.UnVuG9HHgffUDAlk8qfOuVGkqRzgVymGe07xd00DMxs.AQubh4a', 1),
    ('testuser122@venus.com', '$2a$10$8.UnVuG9HHgffUDAlk8qfOuVGkqRzgVymGe07xd00DMxs.AQubh4a', 1),
    ('testuser123@venus.com', '$2a$10$8.UnVuG9HHgffUDAlk8qfOuVGkqRzgVymGe07xd00DMxs.AQubh4a', 1),
    ('testuser124@venus.com', '$2a$10$8.UnVuG9HHgffUDAlk8qfOuVGkqRzgVymGe07xd00DMxs.AQubh4a', 1),
    ('testuser125@venus.com', '$2a$10$8.UnVuG9HHgffUDAlk8qfOuVGkqRzgVymGe07xd00DMxs.AQubh4a', 1),
    ('testuser126@venus.com', '$2a$10$8.UnVuG9HHgffUDAlk8qfOuVGkqRzgVymGe07xd00DMxs.AQubh4a', 1),
    ('testuser127@venus.com', '$2a$10$8.UnVuG9HHgffUDAlk8qfOuVGkqRzgVymGe07xd00DMxs.AQubh4a', 1),
    ('testuser128@venus.com', '$2a$10$8.UnVuG9HHgffUDAlk8qfOuVGkqRzgVymGe07xd00DMxs.AQubh4a', 1),
    ('testuser129@venus.com', '$2a$10$8.UnVuG9HHgffUDAlk8qfOuVGkqRzgVymGe07xd00DMxs.AQubh4a', 1),
    ('testuser130@venus.com', '$2a$10$8.UnVuG9HHgffUDAlk8qfOuVGkqRzgVymGe07xd00DMxs.AQubh4a', 1),
    ('testuser131@venus.com', '$2a$10$8.UnVuG9HHgffUDAlk8qfOuVGkqRzgVymGe07xd00DMxs.AQubh4a', 1),
    ('testuser132@venus.com', '$2a$10$8.UnVuG9HHgffUDAlk8qfOuVGkqRzgVymGe07xd00DMxs.AQubh4a', 1),
    ('testuser133@venus.com', '$2a$10$8.UnVuG9HHgffUDAlk8qfOuVGkqRzgVymGe07xd00DMxs.AQubh4a', 1),
    ('testuser134@venus.com', '$2a$10$8.UnVuG9HHgffUDAlk8qfOuVGkqRzgVymGe07xd00DMxs.AQubh4a', 1),
    ('testuser135@venus.com', '$2a$10$8.UnVuG9HHgffUDAlk8qfOuVGkqRzgVymGe07xd00DMxs.AQubh4a', 1),
    ('testuser136@venus.com', '$2a$10$8.UnVuG9HHgffUDAlk8qfOuVGkqRzgVymGe07xd00DMxs.AQubh4a', 1),
    ('testuser137@venus.com', '$2a$10$8.UnVuG9HHgffUDAlk8qfOuVGkqRzgVymGe07xd00DMxs.AQubh4a', 1),
    ('testuser138@venus.com', '$2a$10$8.UnVuG9HHgffUDAlk8qfOuVGkqRzgVymGe07xd00DMxs.AQubh4a', 1),
    ('testuser139@venus.com', '$2a$10$8.UnVuG9HHgffUDAlk8qfOuVGkqRzgVymGe07xd00DMxs.AQubh4a', 1),
    ('testuser140@venus.com', '$2a$10$8.UnVuG9HHgffUDAlk8qfOuVGkqRzgVymGe07xd00DMxs.AQubh4a', 1),
    ('testuser141@venus.com', '$2a$10$8.UnVuG9HHgffUDAlk8qfOuVGkqRzgVymGe07xd00DMxs.AQubh4a', 1),
    ('testuser142@venus.com', '$2a$10$8.UnVuG9HHgffUDAlk8qfOuVGkqRzgVymGe07xd00DMxs.AQubh4a', 1),
    ('testuser143@venus.com', '$2a$10$8.UnVuG9HHgffUDAlk8qfOuVGkqRzgVymGe07xd00DMxs.AQubh4a', 1),
    ('testuser144@venus.com', '$2a$10$8.UnVuG9HHgffUDAlk8qfOuVGkqRzgVymGe07xd00DMxs.AQubh4a', 1),
    ('testuser145@venus.com', '$2a$10$8.UnVuG9HHgffUDAlk8qfOuVGkqRzgVymGe07xd00DMxs.AQubh4a', 1),
    ('testuser146@venus.com', '$2a$10$8.UnVuG9HHgffUDAlk8qfOuVGkqRzgVymGe07xd00DMxs.AQubh4a', 1),
    ('testuser147@venus.com', '$2a$10$8.UnVuG9HHgffUDAlk8qfOuVGkqRzgVymGe07xd00DMxs.AQubh4a', 1),
    ('testuser148@venus.com', '$2a$10$8.UnVuG9HHgffUDAlk8qfOuVGkqRzgVymGe07xd00DMxs.AQubh4a', 1),
    ('testuser149@venus.com', '$2a$10$8.UnVuG9HHgffUDAlk8qfOuVGkqRzgVymGe07xd00DMxs.AQubh4a', 1),
    ('testuser150@venus.com', '$2a$10$8.UnVuG9HHgffUDAlk8qfOuVGkqRzgVymGe07xd00DMxs.AQubh4a', 1),
    ('testuser151@venus.com', '$2a$10$8.UnVuG9HHgffUDAlk8qfOuVGkqRzgVymGe07xd00DMxs.AQubh4a', 1),
    ('testuser152@venus.com', '$2a$10$8.UnVuG9HHgffUDAlk8qfOuVGkqRzgVymGe07xd00DMxs.AQubh4a', 1),
    ('testuser153@venus.com', '$2a$10$8.UnVuG9HHgffUDAlk8qfOuVGkqRzgVymGe07xd00DMxs.AQubh4a', 1),
    ('testuser154@venus.com', '$2a$10$8.UnVuG9HHgffUDAlk8qfOuVGkqRzgVymGe07xd00DMxs.AQubh4a', 1),
    ('testuser155@venus.com', '$2a$10$8.UnVuG9HHgffUDAlk8qfOuVGkqRzgVymGe07xd00DMxs.AQubh4a', 1),
    ('testuser156@venus.com', '$2a$10$8.UnVuG9HHgffUDAlk8qfOuVGkqRzgVymGe07xd00DMxs.AQubh4a', 1),
    ('testuser157@venus.com', '$2a$10$8.UnVuG9HHgffUDAlk8qfOuVGkqRzgVymGe07xd00DMxs.AQubh4a', 1),
    ('testuser158@venus.com', '$2a$10$8.UnVuG9HHgffUDAlk8qfOuVGkqRzgVymGe07xd00DMxs.AQubh4a', 1),
    ('testuser159@venus.com', '$2a$10$8.UnVuG9HHgffUDAlk8qfOuVGkqRzgVymGe07xd00DMxs.AQubh4a', 1),
    ('testuser160@venus.com', '$2a$10$8.UnVuG9HHgffUDAlk8qfOuVGkqRzgVymGe07xd00DMxs.AQubh4a', 1),
    ('testuser161@venus.com', '$2a$10$8.UnVuG9HHgffUDAlk8qfOuVGkqRzgVymGe07xd00DMxs.AQubh4a', 1),
    ('testuser162@venus.com', '$2a$10$8.UnVuG9HHgffUDAlk8qfOuVGkqRzgVymGe07xd00DMxs.AQubh4a', 1),
    ('testuser163@venus.com', '$2a$10$8.UnVuG9HHgffUDAlk8qfOuVGkqRzgVymGe07xd00DMxs.AQubh4a', 1),
    ('testuser164@venus.com', '$2a$10$8.UnVuG9HHgffUDAlk8qfOuVGkqRzgVymGe07xd00DMxs.AQubh4a', 1),
    ('testuser165@venus.com', '$2a$10$8.UnVuG9HHgffUDAlk8qfOuVGkqRzgVymGe07xd00DMxs.AQubh4a', 1),
    ('testuser166@venus.com', '$2a$10$8.UnVuG9HHgffUDAlk8qfOuVGkqRzgVymGe07xd00DMxs.AQubh4a', 1),
    ('testuser167@venus.com', '$2a$10$8.UnVuG9HHgffUDAlk8qfOuVGkqRzgVymGe07xd00DMxs.AQubh4a', 1),
    ('testuser168@venus.com', '$2a$10$8.UnVuG9HHgffUDAlk8qfOuVGkqRzgVymGe07xd00DMxs.AQubh4a', 1),
    ('testuser169@venus.com', '$2a$10$8.UnVuG9HHgffUDAlk8qfOuVGkqRzgVymGe07xd00DMxs.AQubh4a', 1),
    ('testuser170@venus.com', '$2a$10$8.UnVuG9HHgffUDAlk8qfOuVGkqRzgVymGe07xd00DMxs.AQubh4a', 1),
    ('testuser171@venus.com', '$2a$10$8.UnVuG9HHgffUDAlk8qfOuVGkqRzgVymGe07xd00DMxs.AQubh4a', 1),
    ('testuser172@venus.com', '$2a$10$8.UnVuG9HHgffUDAlk8qfOuVGkqRzgVymGe07xd00DMxs.AQubh4a', 1),
    ('testuser173@venus.com', '$2a$10$8.UnVuG9HHgffUDAlk8qfOuVGkqRzgVymGe07xd00DMxs.AQubh4a', 1),
    ('testuser174@venus.com', '$2a$10$8.UnVuG9HHgffUDAlk8qfOuVGkqRzgVymGe07xd00DMxs.AQubh4a', 1),
    ('testuser175@venus.com', '$2a$10$8.UnVuG9HHgffUDAlk8qfOuVGkqRzgVymGe07xd00DMxs.AQubh4a', 1),
    ('testuser176@venus.com', '$2a$10$8.UnVuG9HHgffUDAlk8qfOuVGkqRzgVymGe07xd00DMxs.AQubh4a', 1),
    ('testuser177@venus.com', '$2a$10$8.UnVuG9HHgffUDAlk8qfOuVGkqRzgVymGe07xd00DMxs.AQubh4a', 1),
    ('testuser178@venus.com', '$2a$10$8.UnVuG9HHgffUDAlk8qfOuVGkqRzgVymGe07xd00DMxs.AQubh4a', 1),
    ('testuser179@venus.com', '$2a$10$8.UnVuG9HHgffUDAlk8qfOuVGkqRzgVymGe07xd00DMxs.AQubh4a', 1),
    ('testuser180@venus.com', '$2a$10$8.UnVuG9HHgffUDAlk8qfOuVGkqRzgVymGe07xd00DMxs.AQubh4a', 1),
    ('testuser181@venus.com', '$2a$10$8.UnVuG9HHgffUDAlk8qfOuVGkqRzgVymGe07xd00DMxs.AQubh4a', 1),
    ('testuser182@venus.com', '$2a$10$8.UnVuG9HHgffUDAlk8qfOuVGkqRzgVymGe07xd00DMxs.AQubh4a', 1),
    ('testuser183@venus.com', '$2a$10$8.UnVuG9HHgffUDAlk8qfOuVGkqRzgVymGe07xd00DMxs.AQubh4a', 1),
    ('testuser184@venus.com', '$2a$10$8.UnVuG9HHgffUDAlk8qfOuVGkqRzgVymGe07xd00DMxs.AQubh4a', 1),
    ('testuser185@venus.com', '$2a$10$8.UnVuG9HHgffUDAlk8qfOuVGkqRzgVymGe07xd00DMxs.AQubh4a', 1),
    ('testuser186@venus.com', '$2a$10$8.UnVuG9HHgffUDAlk8qfOuVGkqRzgVymGe07xd00DMxs.AQubh4a', 1),
    ('testuser187@venus.com', '$2a$10$8.UnVuG9HHgffUDAlk8qfOuVGkqRzgVymGe07xd00DMxs.AQubh4a', 1),
    ('testuser188@venus.com', '$2a$10$8.UnVuG9HHgffUDAlk8qfOuVGkqRzgVymGe07xd00DMxs.AQubh4a', 1),
    ('testuser189@venus.com', '$2a$10$8.UnVuG9HHgffUDAlk8qfOuVGkqRzgVymGe07xd00DMxs.AQubh4a', 1),
    ('testuser190@venus.com', '$2a$10$8.UnVuG9HHgffUDAlk8qfOuVGkqRzgVymGe07xd00DMxs.AQubh4a', 1),
    ('testuser191@venus.com', '$2a$10$8.UnVuG9HHgffUDAlk8qfOuVGkqRzgVymGe07xd00DMxs.AQubh4a', 1),
    ('testuser192@venus.com', '$2a$10$8.UnVuG9HHgffUDAlk8qfOuVGkqRzgVymGe07xd00DMxs.AQubh4a', 1),
    ('testuser193@venus.com', '$2a$10$8.UnVuG9HHgffUDAlk8qfOuVGkqRzgVymGe07xd00DMxs.AQubh4a', 1),
    ('testuser194@venus.com', '$2a$10$8.UnVuG9HHgffUDAlk8qfOuVGkqRzgVymGe07xd00DMxs.AQubh4a', 1),
    ('testuser195@venus.com', '$2a$10$8.UnVuG9HHgffUDAlk8qfOuVGkqRzgVymGe07xd00DMxs.AQubh4a', 1),
    ('testuser196@venus.com', '$2a$10$8.UnVuG9HHgffUDAlk8qfOuVGkqRzgVymGe07xd00DMxs.AQubh4a', 1),
    ('testuser197@venus.com', '$2a$10$8.UnVuG9HHgffUDAlk8qfOuVGkqRzgVymGe07xd00DMxs.AQubh4a', 1),
    ('testuser198@venus.com', '$2a$10$8.UnVuG9HHgffUDAlk8qfOuVGkqRzgVymGe07xd00DMxs.AQubh4a', 1),
    ('testuser199@venus.com', '$2a$10$8.UnVuG9HHgffUDAlk8qfOuVGkqRzgVymGe07xd00DMxs.AQubh4a', 1),
    ('testuser200@venus.com', '$2a$10$8.UnVuG9HHgffUDAlk8qfOuVGkqRzgVymGe07xd00DMxs.AQubh4a', 1);



INSERT INTO authorities (username, authority) values
    ('admin@venus.com', 'ROLE_ADMIN'),
    ('paulaguilar@venus.com', 'ROLE_STAFF'),
    ('jonoliver@venus.com', 'ROLE_STAFF'),
    ('claudinezhang@venus.com', 'ROLE_STAFF'),
    ('lovelinkumar@venus.com', 'ROLE_STAFF'),
    ('michelkouame@venus.com', 'ROLE_STAFF'),
    ('angelinacosta@venus.com', 'ROLE_STAFF'),
    ('brijeshgupta@venus.com', 'ROLE_STAFF'),
    ('amyfofana@venus.com', 'ROLE_STAFF'),
    ('testuser1@venus.com', 'ROLE_USER'),
    ('testuser2@venus.com', 'ROLE_USER'),
    ('testuser3@venus.com', 'ROLE_USER'),
    ('testuser4@venus.com', 'ROLE_USER'),
    ('testuser5@venus.com', 'ROLE_USER'),
    ('testuser6@venus.com', 'ROLE_USER'),
    ('testuser7@venus.com', 'ROLE_USER'),
    ('testuser8@venus.com', 'ROLE_USER'),
    ('testuser9@venus.com', 'ROLE_USER'),
    ('testuser10@venus.com', 'ROLE_USER'),
    ('testuser11@venus.com', 'ROLE_USER'),
    ('testuser12@venus.com', 'ROLE_USER'),
    ('testuser13@venus.com', 'ROLE_USER'),
    ('testuser14@venus.com', 'ROLE_USER'),
    ('testuser15@venus.com', 'ROLE_USER'),
    ('testuser16@venus.com', 'ROLE_USER'),
    ('testuser17@venus.com', 'ROLE_USER'),
    ('testuser18@venus.com', 'ROLE_USER'),
    ('testuser19@venus.com', 'ROLE_USER'),
    ('testuser20@venus.com', 'ROLE_USER'),
    ('testuser21@venus.com', 'ROLE_USER'),
    ('testuser22@venus.com', 'ROLE_USER'),
    ('testuser23@venus.com', 'ROLE_USER'),
    ('testuser24@venus.com', 'ROLE_USER'),
    ('testuser25@venus.com', 'ROLE_USER'),
    ('testuser26@venus.com', 'ROLE_USER'),
    ('testuser27@venus.com', 'ROLE_USER'),
    ('testuser28@venus.com', 'ROLE_USER'),
    ('testuser29@venus.com', 'ROLE_USER'),
    ('testuser30@venus.com', 'ROLE_USER'),
    ('testuser31@venus.com', 'ROLE_USER'),
    ('testuser32@venus.com', 'ROLE_USER'),
    ('testuser33@venus.com', 'ROLE_USER'),
    ('testuser34@venus.com', 'ROLE_USER'),
    ('testuser35@venus.com', 'ROLE_USER'),
    ('testuser36@venus.com', 'ROLE_USER'),
    ('testuser37@venus.com', 'ROLE_USER'),
    ('testuser38@venus.com', 'ROLE_USER'),
    ('testuser39@venus.com', 'ROLE_USER'),
    ('testuser40@venus.com', 'ROLE_USER'),
    ('testuser41@venus.com', 'ROLE_USER'),
    ('testuser42@venus.com', 'ROLE_USER'),
    ('testuser43@venus.com', 'ROLE_USER'),
    ('testuser44@venus.com', 'ROLE_USER'),
    ('testuser45@venus.com', 'ROLE_USER'),
    ('testuser46@venus.com', 'ROLE_USER'),
    ('testuser47@venus.com', 'ROLE_USER'),
    ('testuser48@venus.com', 'ROLE_USER'),
    ('testuser49@venus.com', 'ROLE_USER'),
    ('testuser50@venus.com', 'ROLE_USER'),
    ('testuser51@venus.com', 'ROLE_USER'),
    ('testuser52@venus.com', 'ROLE_USER'),
    ('testuser53@venus.com', 'ROLE_USER'),
    ('testuser54@venus.com', 'ROLE_USER'),
    ('testuser55@venus.com', 'ROLE_USER'),
    ('testuser56@venus.com', 'ROLE_USER'),
    ('testuser57@venus.com', 'ROLE_USER'),
    ('testuser58@venus.com', 'ROLE_USER'),
    ('testuser59@venus.com', 'ROLE_USER'),
    ('testuser60@venus.com', 'ROLE_USER'),
    ('testuser61@venus.com', 'ROLE_USER'),
    ('testuser62@venus.com', 'ROLE_USER'),
    ('testuser63@venus.com', 'ROLE_USER'),
    ('testuser64@venus.com', 'ROLE_USER'),
    ('testuser65@venus.com', 'ROLE_USER'),
    ('testuser66@venus.com', 'ROLE_USER'),
    ('testuser67@venus.com', 'ROLE_USER'),
    ('testuser68@venus.com', 'ROLE_USER'),
    ('testuser69@venus.com', 'ROLE_USER'),
    ('testuser70@venus.com', 'ROLE_USER'),
    ('testuser71@venus.com', 'ROLE_USER'),
    ('testuser72@venus.com', 'ROLE_USER'),
    ('testuser73@venus.com', 'ROLE_USER'),
    ('testuser74@venus.com', 'ROLE_USER'),
    ('testuser75@venus.com', 'ROLE_USER'),
    ('testuser76@venus.com', 'ROLE_USER'),
    ('testuser77@venus.com', 'ROLE_USER'),
    ('testuser78@venus.com', 'ROLE_USER'),
    ('testuser79@venus.com', 'ROLE_USER'),
    ('testuser80@venus.com', 'ROLE_USER'),
    ('testuser81@venus.com', 'ROLE_USER'),
    ('testuser82@venus.com', 'ROLE_USER'),
    ('testuser83@venus.com', 'ROLE_USER'),
    ('testuser84@venus.com', 'ROLE_USER'),
    ('testuser85@venus.com', 'ROLE_USER'),
    ('testuser86@venus.com', 'ROLE_USER'),
    ('testuser87@venus.com', 'ROLE_USER'),
    ('testuser88@venus.com', 'ROLE_USER'),
    ('testuser89@venus.com', 'ROLE_USER'),
    ('testuser90@venus.com', 'ROLE_USER'),
    ('testuser91@venus.com', 'ROLE_USER'),
    ('testuser92@venus.com', 'ROLE_USER'),
    ('testuser93@venus.com', 'ROLE_USER'),
    ('testuser94@venus.com', 'ROLE_USER'),
    ('testuser95@venus.com', 'ROLE_USER'),
    ('testuser96@venus.com', 'ROLE_USER'),
    ('testuser97@venus.com', 'ROLE_USER'),
    ('testuser98@venus.com', 'ROLE_USER'),
    ('testuser99@venus.com', 'ROLE_USER'),
    ('testuser100@venus.com', 'ROLE_USER'),
    ('testuser101@venus.com', 'ROLE_USER'),
    ('testuser102@venus.com', 'ROLE_USER'),
    ('testuser103@venus.com', 'ROLE_USER'),
    ('testuser104@venus.com', 'ROLE_USER'),
    ('testuser105@venus.com', 'ROLE_USER'),
    ('testuser106@venus.com', 'ROLE_USER'),
    ('testuser107@venus.com', 'ROLE_USER'),
    ('testuser108@venus.com', 'ROLE_USER'),
    ('testuser109@venus.com', 'ROLE_USER'),
    ('testuser110@venus.com', 'ROLE_USER'),
    ('testuser111@venus.com', 'ROLE_USER'),
    ('testuser112@venus.com', 'ROLE_USER'),
    ('testuser113@venus.com', 'ROLE_USER'),
    ('testuser114@venus.com', 'ROLE_USER'),
    ('testuser115@venus.com', 'ROLE_USER'),
    ('testuser116@venus.com', 'ROLE_USER'),
    ('testuser117@venus.com', 'ROLE_USER'),
    ('testuser118@venus.com', 'ROLE_USER'),
    ('testuser119@venus.com', 'ROLE_USER'),
    ('testuser120@venus.com', 'ROLE_USER'),
    ('testuser121@venus.com', 'ROLE_USER'),
    ('testuser122@venus.com', 'ROLE_USER'),
    ('testuser123@venus.com', 'ROLE_USER'),
    ('testuser124@venus.com', 'ROLE_USER'),
    ('testuser125@venus.com', 'ROLE_USER'),
    ('testuser126@venus.com', 'ROLE_USER'),
    ('testuser127@venus.com', 'ROLE_USER'),
    ('testuser128@venus.com', 'ROLE_USER'),
    ('testuser129@venus.com', 'ROLE_USER'),
    ('testuser130@venus.com', 'ROLE_USER'),
    ('testuser131@venus.com', 'ROLE_USER'),
    ('testuser132@venus.com', 'ROLE_USER'),
    ('testuser133@venus.com', 'ROLE_USER'),
    ('testuser134@venus.com', 'ROLE_USER'),
    ('testuser135@venus.com', 'ROLE_USER'),
    ('testuser136@venus.com', 'ROLE_USER'),
    ('testuser137@venus.com', 'ROLE_USER'),
    ('testuser138@venus.com', 'ROLE_USER'),
    ('testuser139@venus.com', 'ROLE_USER'),
    ('testuser140@venus.com', 'ROLE_USER'),
    ('testuser141@venus.com', 'ROLE_USER'),
    ('testuser142@venus.com', 'ROLE_USER'),
    ('testuser143@venus.com', 'ROLE_USER'),
    ('testuser144@venus.com', 'ROLE_USER'),
    ('testuser145@venus.com', 'ROLE_USER'),
    ('testuser146@venus.com', 'ROLE_USER'),
    ('testuser147@venus.com', 'ROLE_USER'),
    ('testuser148@venus.com', 'ROLE_USER'),
    ('testuser149@venus.com', 'ROLE_USER'),
    ('testuser150@venus.com', 'ROLE_USER'),
    ('testuser151@venus.com', 'ROLE_USER'),
    ('testuser152@venus.com', 'ROLE_USER'),
    ('testuser153@venus.com', 'ROLE_USER'),
    ('testuser154@venus.com', 'ROLE_USER'),
    ('testuser155@venus.com', 'ROLE_USER'),
    ('testuser156@venus.com', 'ROLE_USER'),
    ('testuser157@venus.com', 'ROLE_USER'),
    ('testuser158@venus.com', 'ROLE_USER'),
    ('testuser159@venus.com', 'ROLE_USER'),
    ('testuser160@venus.com', 'ROLE_USER'),
    ('testuser161@venus.com', 'ROLE_USER'),
    ('testuser162@venus.com', 'ROLE_USER'),
    ('testuser163@venus.com', 'ROLE_USER'),
    ('testuser164@venus.com', 'ROLE_USER'),
    ('testuser165@venus.com', 'ROLE_USER'),
    ('testuser166@venus.com', 'ROLE_USER'),
    ('testuser167@venus.com', 'ROLE_USER'),
    ('testuser168@venus.com', 'ROLE_USER'),
    ('testuser169@venus.com', 'ROLE_USER'),
    ('testuser170@venus.com', 'ROLE_USER'),
    ('testuser171@venus.com', 'ROLE_USER'),
    ('testuser172@venus.com', 'ROLE_USER'),
    ('testuser173@venus.com', 'ROLE_USER'),
    ('testuser174@venus.com', 'ROLE_USER'),
    ('testuser175@venus.com', 'ROLE_USER'),
    ('testuser176@venus.com', 'ROLE_USER'),
    ('testuser177@venus.com', 'ROLE_USER'),
    ('testuser178@venus.com', 'ROLE_USER'),
    ('testuser179@venus.com', 'ROLE_USER'),
    ('testuser180@venus.com', 'ROLE_USER'),
    ('testuser181@venus.com', 'ROLE_USER'),
    ('testuser182@venus.com', 'ROLE_USER'),
    ('testuser183@venus.com', 'ROLE_USER'),
    ('testuser184@venus.com', 'ROLE_USER'),
    ('testuser185@venus.com', 'ROLE_USER'),
    ('testuser186@venus.com', 'ROLE_USER'),
    ('testuser187@venus.com', 'ROLE_USER'),
    ('testuser188@venus.com', 'ROLE_USER'),
    ('testuser189@venus.com', 'ROLE_USER'),
    ('testuser190@venus.com', 'ROLE_USER'),
    ('testuser191@venus.com', 'ROLE_USER'),
    ('testuser192@venus.com', 'ROLE_USER'),
    ('testuser193@venus.com', 'ROLE_USER'),
    ('testuser194@venus.com', 'ROLE_USER'),
    ('testuser195@venus.com', 'ROLE_USER'),
    ('testuser196@venus.com', 'ROLE_USER'),
    ('testuser197@venus.com', 'ROLE_USER'),
    ('testuser198@venus.com', 'ROLE_USER'),
    ('testuser199@venus.com', 'ROLE_USER'),
    ('testuser200@venus.com', 'ROLE_USER');

INSERT INTO userinfo (username, firstname, lastname) values
    ('admin@venus.com', 'admin' , 'admin'),
    ('paulaguilar@venus.com', 'Paul', 'Aguilar'),
    ('jonoliver@venus.com', 'Jon', 'Oliver'),
    ('claudinezhang@venus.com', 'Claudine', 'Zhang'),
    ('lovelinkumar@venus.com', 'Lovelin', 'Kumar'),
    ('michelkouame@venus.com', 'Michel', 'Kouame'),
    ('angelinacosta@venus.com', 'Angelina', 'Costa'),
    ('brijeshgupta@venus.com', 'Brijesh', 'Gupta'),
    ('amyfofana@venus.com', 'Amy', 'Fofana'),
    ('testuser1@venus.com', 'testuser1', 'testuser1'),
    ('testuser2@venus.com', 'testuser2', 'testuser2'),
    ('testuser3@venus.com', 'testuser3', 'testuser3'),
    ('testuser4@venus.com', 'testuser4', 'testuser4'),
    ('testuser5@venus.com', 'testuser5', 'testuser5'),
    ('testuser6@venus.com', 'testuser6', 'testuser6'),
    ('testuser7@venus.com', 'testuser7', 'testuser7'),
    ('testuser8@venus.com', 'testuser8', 'testuser8'),
    ('testuser9@venus.com', 'testuser9', 'testuser9'),
    ('testuser10@venus.com', 'testuser10', 'testuser10'),
    ('testuser11@venus.com', 'testuser11', 'testuser11'),
    ('testuser12@venus.com', 'testuser12', 'testuser12'),
    ('testuser13@venus.com', 'testuser13', 'testuser13'),
    ('testuser14@venus.com', 'testuser14', 'testuser14'),
    ('testuser15@venus.com', 'testuser15', 'testuser15'),
    ('testuser16@venus.com', 'testuser16', 'testuser16'),
    ('testuser17@venus.com', 'testuser17', 'testuser17'),
    ('testuser18@venus.com', 'testuser18', 'testuser18'),
    ('testuser19@venus.com', 'testuser19', 'testuser19'),
    ('testuser20@venus.com', 'testuser20', 'testuser20'),
    ('testuser21@venus.com', 'testuser21', 'testuser21'),
    ('testuser22@venus.com', 'testuser22', 'testuser22'),
    ('testuser23@venus.com', 'testuser23', 'testuser23'),
    ('testuser24@venus.com', 'testuser24', 'testuser24'),
    ('testuser25@venus.com', 'testuser25', 'testuser25'),
    ('testuser26@venus.com', 'testuser26', 'testuser26'),
    ('testuser27@venus.com', 'testuser27', 'testuser27'),
    ('testuser28@venus.com', 'testuser28', 'testuser28'),
    ('testuser29@venus.com', 'testuser29', 'testuser29'),
    ('testuser30@venus.com', 'testuser30', 'testuser30'),
    ('testuser31@venus.com', 'testuser31', 'testuser31'),
    ('testuser32@venus.com', 'testuser32', 'testuser32'),
    ('testuser33@venus.com', 'testuser33', 'testuser33'),
    ('testuser34@venus.com', 'testuser34', 'testuser34'),
    ('testuser35@venus.com', 'testuser35', 'testuser35'),
    ('testuser36@venus.com', 'testuser36', 'testuser36'),
    ('testuser37@venus.com', 'testuser37', 'testuser37'),
    ('testuser38@venus.com', 'testuser38', 'testuser38'),
    ('testuser39@venus.com', 'testuser39', 'testuser39'),
    ('testuser40@venus.com', 'testuser40', 'testuser40'),
    ('testuser41@venus.com', 'testuser41', 'testuser41'),
    ('testuser42@venus.com', 'testuser42', 'testuser42'),
    ('testuser43@venus.com', 'testuser43', 'testuser43'),
    ('testuser44@venus.com', 'testuser44', 'testuser44'),
    ('testuser45@venus.com', 'testuser45', 'testuser45'),
    ('testuser46@venus.com', 'testuser46', 'testuser46'),
    ('testuser47@venus.com', 'testuser47', 'testuser47'),
    ('testuser48@venus.com', 'testuser48', 'testuser48'),
    ('testuser49@venus.com', 'testuser49', 'testuser49'),
    ('testuser50@venus.com', 'testuser50', 'testuser50'),
    ('testuser51@venus.com', 'testuser51', 'testuser51'),
    ('testuser52@venus.com', 'testuser52', 'testuser52'),
    ('testuser53@venus.com', 'testuser53', 'testuser53'),
    ('testuser54@venus.com', 'testuser54', 'testuser54'),
    ('testuser55@venus.com', 'testuser55', 'testuser55'),
    ('testuser56@venus.com', 'testuser56', 'testuser56'),
    ('testuser57@venus.com', 'testuser57', 'testuser57'),
    ('testuser58@venus.com', 'testuser58', 'testuser58'),
    ('testuser59@venus.com', 'testuser59', 'testuser59'),
    ('testuser60@venus.com', 'testuser60', 'testuser60'),
    ('testuser61@venus.com', 'testuser61', 'testuser61'),
    ('testuser62@venus.com', 'testuser62', 'testuser62'),
    ('testuser63@venus.com', 'testuser63', 'testuser63'),
    ('testuser64@venus.com', 'testuser64', 'testuser64'),
    ('testuser65@venus.com', 'testuser65', 'testuser65'),
    ('testuser66@venus.com', 'testuser66', 'testuser66'),
    ('testuser67@venus.com', 'testuser67', 'testuser67'),
    ('testuser68@venus.com', 'testuser68', 'testuser68'),
    ('testuser69@venus.com', 'testuser69', 'testuser69'),
    ('testuser70@venus.com', 'testuser70', 'testuser70'),
    ('testuser71@venus.com', 'testuser71', 'testuser71'),
    ('testuser72@venus.com', 'testuser72', 'testuser72'),
    ('testuser73@venus.com', 'testuser73', 'testuser73'),
    ('testuser74@venus.com', 'testuser74', 'testuser74'),
    ('testuser75@venus.com', 'testuser75', 'testuser75'),
    ('testuser76@venus.com', 'testuser76', 'testuser76'),
    ('testuser77@venus.com', 'testuser77', 'testuser77'),
    ('testuser78@venus.com', 'testuser78', 'testuser78'),
    ('testuser79@venus.com', 'testuser79', 'testuser79'),
    ('testuser80@venus.com', 'testuser80', 'testuser80'),
    ('testuser81@venus.com', 'testuser81', 'testuser81'),
    ('testuser82@venus.com', 'testuser82', 'testuser82'),
    ('testuser83@venus.com', 'testuser83', 'testuser83'),
    ('testuser84@venus.com', 'testuser84', 'testuser84'),
    ('testuser85@venus.com', 'testuser85', 'testuser85'),
    ('testuser86@venus.com', 'testuser86', 'testuser86'),
    ('testuser87@venus.com', 'testuser87', 'testuser87'),
    ('testuser88@venus.com', 'testuser88', 'testuser88'),
    ('testuser89@venus.com', 'testuser89', 'testuser89'),
    ('testuser90@venus.com', 'testuser90', 'testuser90'),
    ('testuser91@venus.com', 'testuser91', 'testuser91'),
    ('testuser92@venus.com', 'testuser92', 'testuser92'),
    ('testuser93@venus.com', 'testuser93', 'testuser93'),
    ('testuser94@venus.com', 'testuser94', 'testuser94'),
    ('testuser95@venus.com', 'testuser95', 'testuser95'),
    ('testuser96@venus.com', 'testuser96', 'testuser96'),
    ('testuser97@venus.com', 'testuser97', 'testuser97'),
    ('testuser98@venus.com', 'testuser98', 'testuser98'),
    ('testuser99@venus.com', 'testuser99', 'testuser99'),
    ('testuser100@venus.com', 'testuser100', 'testuser100'),
    ('testuser101@venus.com', 'testuser101', 'testuser101'),
    ('testuser102@venus.com', 'testuser102', 'testuser102'),
    ('testuser103@venus.com', 'testuser103', 'testuser103'),
    ('testuser104@venus.com', 'testuser104', 'testuser104'),
    ('testuser105@venus.com', 'testuser105', 'testuser105'),
    ('testuser106@venus.com', 'testuser106', 'testuser106'),
    ('testuser107@venus.com', 'testuser107', 'testuser107'),
    ('testuser108@venus.com', 'testuser108', 'testuser108'),
    ('testuser109@venus.com', 'testuser109', 'testuser109'),
    ('testuser110@venus.com', 'testuser110', 'testuser110'),
    ('testuser111@venus.com', 'testuser111', 'testuser111'),
    ('testuser112@venus.com', 'testuser112', 'testuser112'),
    ('testuser113@venus.com', 'testuser113', 'testuser113'),
    ('testuser114@venus.com', 'testuser114', 'testuser114'),
    ('testuser115@venus.com', 'testuser115', 'testuser115'),
    ('testuser116@venus.com', 'testuser116', 'testuser116'),
    ('testuser117@venus.com', 'testuser117', 'testuser117'),
    ('testuser118@venus.com', 'testuser118', 'testuser118'),
    ('testuser119@venus.com', 'testuser119', 'testuser119'),
    ('testuser120@venus.com', 'testuser120', 'testuser120'),
    ('testuser121@venus.com', 'testuser121', 'testuser121'),
    ('testuser122@venus.com', 'testuser122', 'testuser122'),
    ('testuser123@venus.com', 'testuser123', 'testuser123'),
    ('testuser124@venus.com', 'testuser124', 'testuser124'),
    ('testuser125@venus.com', 'testuser125', 'testuser125'),
    ('testuser126@venus.com', 'testuser126', 'testuser126'),
    ('testuser127@venus.com', 'testuser127', 'testuser127'),
    ('testuser128@venus.com', 'testuser128', 'testuser128'),
    ('testuser129@venus.com', 'testuser129', 'testuser129'),
    ('testuser130@venus.com', 'testuser130', 'testuser130'),
    ('testuser131@venus.com', 'testuser131', 'testuser131'),
    ('testuser132@venus.com', 'testuser132', 'testuser132'),
    ('testuser133@venus.com', 'testuser133', 'testuser133'),
    ('testuser134@venus.com', 'testuser134', 'testuser134'),
    ('testuser135@venus.com', 'testuser135', 'testuser135'),
    ('testuser136@venus.com', 'testuser136', 'testuser136'),
    ('testuser137@venus.com', 'testuser137', 'testuser137'),
    ('testuser138@venus.com', 'testuser138', 'testuser138'),
    ('testuser139@venus.com', 'testuser139', 'testuser139'),
    ('testuser140@venus.com', 'testuser140', 'testuser140'),
    ('testuser141@venus.com', 'testuser141', 'testuser141'),
    ('testuser142@venus.com', 'testuser142', 'testuser142'),
    ('testuser143@venus.com', 'testuser143', 'testuser143'),
    ('testuser144@venus.com', 'testuser144', 'testuser144'),
    ('testuser145@venus.com', 'testuser145', 'testuser145'),
    ('testuser146@venus.com', 'testuser146', 'testuser146'),
    ('testuser147@venus.com', 'testuser147', 'testuser147'),
    ('testuser148@venus.com', 'testuser148', 'testuser148'),
    ('testuser149@venus.com', 'testuser149', 'testuser149'),
    ('testuser150@venus.com', 'testuser150', 'testuser150'),
    ('testuser151@venus.com', 'testuser151', 'testuser151'),
    ('testuser152@venus.com', 'testuser152', 'testuser152'),
    ('testuser153@venus.com', 'testuser153', 'testuser153'),
    ('testuser154@venus.com', 'testuser154', 'testuser154'),
    ('testuser155@venus.com', 'testuser155', 'testuser155'),
    ('testuser156@venus.com', 'testuser156', 'testuser156'),
    ('testuser157@venus.com', 'testuser157', 'testuser157'),
    ('testuser158@venus.com', 'testuser158', 'testuser158'),
    ('testuser159@venus.com', 'testuser159', 'testuser159'),
    ('testuser160@venus.com', 'testuser160', 'testuser160'),
    ('testuser161@venus.com', 'testuser161', 'testuser161'),
    ('testuser162@venus.com', 'testuser162', 'testuser162'),
    ('testuser163@venus.com', 'testuser163', 'testuser163'),
    ('testuser164@venus.com', 'testuser164', 'testuser164'),
    ('testuser165@venus.com', 'testuser165', 'testuser165'),
    ('testuser166@venus.com', 'testuser166', 'testuser166'),
    ('testuser167@venus.com', 'testuser167', 'testuser167'),
    ('testuser168@venus.com', 'testuser168', 'testuser168'),
    ('testuser169@venus.com', 'testuser169', 'testuser169'),
    ('testuser170@venus.com', 'testuser170', 'testuser170'),
    ('testuser171@venus.com', 'testuser171', 'testuser171'),
    ('testuser172@venus.com', 'testuser172', 'testuser172'),
    ('testuser173@venus.com', 'testuser173', 'testuser173'),
    ('testuser174@venus.com', 'testuser174', 'testuser174'),
    ('testuser175@venus.com', 'testuser175', 'testuser175'),
    ('testuser176@venus.com', 'testuser176', 'testuser176'),
    ('testuser177@venus.com', 'testuser177', 'testuser177'),
    ('testuser178@venus.com', 'testuser178', 'testuser178'),
    ('testuser179@venus.com', 'testuser179', 'testuser179'),
    ('testuser180@venus.com', 'testuser180', 'testuser180'),
    ('testuser181@venus.com', 'testuser181', 'testuser181'),
    ('testuser182@venus.com', 'testuser182', 'testuser182'),
    ('testuser183@venus.com', 'testuser183', 'testuser183'),
    ('testuser184@venus.com', 'testuser184', 'testuser184'),
    ('testuser185@venus.com', 'testuser185', 'testuser185'),
    ('testuser186@venus.com', 'testuser186', 'testuser186'),
    ('testuser187@venus.com', 'testuser187', 'testuser187'),
    ('testuser188@venus.com', 'testuser188', 'testuser188'),
    ('testuser189@venus.com', 'testuser189', 'testuser189'),
    ('testuser190@venus.com', 'testuser190', 'testuser190'),
    ('testuser191@venus.com', 'testuser191', 'testuser191'),
    ('testuser192@venus.com', 'testuser192', 'testuser192'),
    ('testuser193@venus.com', 'testuser193', 'testuser193'),
    ('testuser194@venus.com', 'testuser194', 'testuser194'),
    ('testuser195@venus.com', 'testuser195', 'testuser195'),
    ('testuser196@venus.com', 'testuser196', 'testuser196'),
    ('testuser197@venus.com', 'testuser197', 'testuser197'),
    ('testuser198@venus.com', 'testuser198', 'testuser198'),
    ('testuser199@venus.com', 'testuser199', 'testuser199'),
    ('testuser200@venus.com', 'testuser200', 'testuser200');

-- Insert initial secrets
INSERT INTO secrets (secretid, username, secretname, filetype, creationdate, secretdata) values
    ('bfc32014-2096-48ea-9a98-8335e6215438', 'testuser1@venus.com', 'Super Secret', '.txt', '2022-07-04', 0x54686973206973206120746573740A),
    ('566bc238-0225-11ed-99ae-ce0d0edff301', 'testuser2@venus.com', 'Super Secret', '.txt', '2022-07-04', 0x54686973206973206120746573740A),
    ('566bc2f6-0225-11ed-99ae-ce0d0edff301', 'testuser3@venus.com', 'Super Secret', '.txt', '2022-07-04', 0x54686973206973206120746573740A),
    ('566bc396-0225-11ed-99ae-ce0d0edff301', 'testuser4@venus.com', 'Super Secret', '.txt', '2022-07-04', 0x54686973206973206120746573740A),
    ('566bc440-0225-11ed-99ae-ce0d0edff301', 'testuser5@venus.com', 'Super Secret', '.txt', '2022-07-04', 0x54686973206973206120746573740A),
    ('566bc4e0-0225-11ed-99ae-ce0d0edff301', 'testuser6@venus.com', 'Super Secret', '.txt', '2022-07-04', 0x54686973206973206120746573740A),
    ('566bc576-0225-11ed-99ae-ce0d0edff301', 'testuser7@venus.com', 'Super Secret', '.txt', '2022-07-04', 0x54686973206973206120746573740A),
    ('566bd174-0225-11ed-99ae-ce0d0edff301', 'testuser8@venus.com', 'Super Secret', '.txt', '2022-07-04', 0x54686973206973206120746573740A),
    ('566bd246-0225-11ed-99ae-ce0d0edff301', 'testuser9@venus.com', 'Super Secret', '.txt', '2022-07-04', 0x54686973206973206120746573740A),
    ('566bd2c8-0225-11ed-99ae-ce0d0edff301', 'testuser10@venus.com', 'Super Secret', '.txt', '2022-07-04', 0x54686973206973206120746573740A),
    ('566bd34a-0225-11ed-99ae-ce0d0edff301', 'testuser11@venus.com', 'Super Secret', '.txt', '2022-07-04', 0x54686973206973206120746573740A),
    ('566bd3c2-0225-11ed-99ae-ce0d0edff301', 'testuser12@venus.com', 'Super Secret', '.txt', '2022-07-04', 0x54686973206973206120746573740A),
    ('566bd444-0225-11ed-99ae-ce0d0edff301', 'testuser13@venus.com', 'Super Secret', '.txt', '2022-07-04', 0x54686973206973206120746573740A),
    ('566bd4bc-0225-11ed-99ae-ce0d0edff301', 'testuser14@venus.com', 'Super Secret', '.txt', '2022-07-04', 0x54686973206973206120746573740A),
    ('566c17ba-0225-11ed-99ae-ce0d0edff301', 'testuser15@venus.com', 'Super Secret', '.txt', '2022-07-04', 0x54686973206973206120746573740A),
    ('566c1936-0225-11ed-99ae-ce0d0edff301', 'testuser16@venus.com', 'Super Secret', '.txt', '2022-07-04', 0x54686973206973206120746573740A),
    ('566c19ae-0225-11ed-99ae-ce0d0edff301', 'testuser17@venus.com', 'Super Secret', '.txt', '2022-07-04', 0x54686973206973206120746573740A),
    ('566c1a30-0225-11ed-99ae-ce0d0edff301', 'testuser18@venus.com', 'Super Secret', '.txt', '2022-07-04', 0x54686973206973206120746573740A),
    ('566c1a94-0225-11ed-99ae-ce0d0edff301', 'testuser19@venus.com', 'Super Secret', '.txt', '2022-07-04', 0x54686973206973206120746573740A),
    ('566c1b02-0225-11ed-99ae-ce0d0edff301', 'testuser20@venus.com', 'Super Secret', '.txt', '2022-07-04', 0x54686973206973206120746573740A),
    ('566c1b70-0225-11ed-99ae-ce0d0edff301', 'testuser21@venus.com', 'Super Secret', '.txt', '2022-07-04', 0x54686973206973206120746573740A),
    ('566c1bde-0225-11ed-99ae-ce0d0edff301', 'testuser22@venus.com', 'Super Secret', '.txt', '2022-07-04', 0x54686973206973206120746573740A),
    ('566c1c4c-0225-11ed-99ae-ce0d0edff301', 'testuser23@venus.com', 'Super Secret', '.txt', '2022-07-04', 0x54686973206973206120746573740A),
    ('566c1cb0-0225-11ed-99ae-ce0d0edff301', 'testuser24@venus.com', 'Super Secret', '.txt', '2022-07-04', 0x54686973206973206120746573740A),
    ('566c1d1e-0225-11ed-99ae-ce0d0edff301', 'testuser25@venus.com', 'Super Secret', '.txt', '2022-07-04', 0x54686973206973206120746573740A),
    ('566c1d8c-0225-11ed-99ae-ce0d0edff301', 'testuser26@venus.com', 'Super Secret', '.txt', '2022-07-04', 0x54686973206973206120746573740A),
    ('566c1df0-0225-11ed-99ae-ce0d0edff301', 'testuser27@venus.com', 'Super Secret', '.txt', '2022-07-04', 0x54686973206973206120746573740A),
    ('566c1e54-0225-11ed-99ae-ce0d0edff301', 'testuser28@venus.com', 'Super Secret', '.txt', '2022-07-04', 0x54686973206973206120746573740A),
    ('566c1ec2-0225-11ed-99ae-ce0d0edff301', 'testuser29@venus.com', 'Super Secret', '.txt', '2022-07-04', 0x54686973206973206120746573740A),
    ('566c1f26-0225-11ed-99ae-ce0d0edff301', 'testuser30@venus.com', 'Super Secret', '.txt', '2022-07-04', 0x54686973206973206120746573740A),
    ('566c1f94-0225-11ed-99ae-ce0d0edff301', 'testuser31@venus.com', 'Super Secret', '.txt', '2022-07-04', 0x54686973206973206120746573740A),
    ('566c1ff8-0225-11ed-99ae-ce0d0edff301', 'testuser32@venus.com', 'Super Secret', '.txt', '2022-07-04', 0x54686973206973206120746573740A),
    ('566c2066-0225-11ed-99ae-ce0d0edff301', 'testuser33@venus.com', 'Super Secret', '.txt', '2022-07-04', 0x54686973206973206120746573740A),
    ('566c20d4-0225-11ed-99ae-ce0d0edff301', 'testuser34@venus.com', 'Super Secret', '.txt', '2022-07-04', 0x54686973206973206120746573740A),
    ('566c2142-0225-11ed-99ae-ce0d0edff301', 'testuser35@venus.com', 'Super Secret', '.txt', '2022-07-04', 0x54686973206973206120746573740A),
    ('566c21a6-0225-11ed-99ae-ce0d0edff301', 'testuser36@venus.com', 'Super Secret', '.txt', '2022-07-04', 0x54686973206973206120746573740A),
    ('566c2214-0225-11ed-99ae-ce0d0edff301', 'testuser37@venus.com', 'Super Secret', '.txt', '2022-07-04', 0x54686973206973206120746573740A),
    ('566c2278-0225-11ed-99ae-ce0d0edff301', 'testuser38@venus.com', 'Super Secret', '.txt', '2022-07-04', 0x54686973206973206120746573740A),
    ('566c22e6-0225-11ed-99ae-ce0d0edff301', 'testuser39@venus.com', 'Super Secret', '.txt', '2022-07-04', 0x54686973206973206120746573740A),
    ('566c2354-0225-11ed-99ae-ce0d0edff301', 'testuser40@venus.com', 'Super Secret', '.txt', '2022-07-04', 0x54686973206973206120746573740A),
    ('566c23b8-0225-11ed-99ae-ce0d0edff301', 'testuser41@venus.com', 'Super Secret', '.txt', '2022-07-04', 0x54686973206973206120746573740A),
    ('566c2426-0225-11ed-99ae-ce0d0edff301', 'testuser42@venus.com', 'Super Secret', '.txt', '2022-07-04', 0x54686973206973206120746573740A),
    ('566c2494-0225-11ed-99ae-ce0d0edff301', 'testuser43@venus.com', 'Super Secret', '.txt', '2022-07-04', 0x54686973206973206120746573740A),
    ('566c2502-0225-11ed-99ae-ce0d0edff301', 'testuser44@venus.com', 'Super Secret', '.txt', '2022-07-04', 0x54686973206973206120746573740A),
    ('566c2570-0225-11ed-99ae-ce0d0edff301', 'testuser45@venus.com', 'Super Secret', '.txt', '2022-07-04', 0x54686973206973206120746573740A),
    ('566c25d4-0225-11ed-99ae-ce0d0edff301', 'testuser46@venus.com', 'Super Secret', '.txt', '2022-07-04', 0x54686973206973206120746573740A),
    ('566c264c-0225-11ed-99ae-ce0d0edff301', 'testuser47@venus.com', 'Super Secret', '.txt', '2022-07-04', 0x54686973206973206120746573740A),
    ('566c26ba-0225-11ed-99ae-ce0d0edff301', 'testuser48@venus.com', 'Super Secret', '.txt', '2022-07-04', 0x54686973206973206120746573740A),
    ('566c2728-0225-11ed-99ae-ce0d0edff301', 'testuser49@venus.com', 'Super Secret', '.txt', '2022-07-04', 0x54686973206973206120746573740A),
    ('566c2796-0225-11ed-99ae-ce0d0edff301', 'testuser50@venus.com', 'Super Secret', '.txt', '2022-07-04', 0x54686973206973206120746573740A),
    ('566c2804-0225-11ed-99ae-ce0d0edff301', 'testuser51@venus.com', 'Super Secret', '.txt', '2022-07-04', 0x54686973206973206120746573740A),
    ('566c2868-0225-11ed-99ae-ce0d0edff301', 'testuser52@venus.com', 'Super Secret', '.txt', '2022-07-04', 0x54686973206973206120746573740A),
    ('566c28d6-0225-11ed-99ae-ce0d0edff301', 'testuser53@venus.com', 'Super Secret', '.txt', '2022-07-04', 0x54686973206973206120746573740A),
    ('566c2944-0225-11ed-99ae-ce0d0edff301', 'testuser54@venus.com', 'Super Secret', '.txt', '2022-07-04', 0x54686973206973206120746573740A),
    ('566c29a8-0225-11ed-99ae-ce0d0edff301', 'testuser55@venus.com', 'Super Secret', '.txt', '2022-07-04', 0x54686973206973206120746573740A),
    ('566c2a16-0225-11ed-99ae-ce0d0edff301', 'testuser56@venus.com', 'Super Secret', '.txt', '2022-07-04', 0x54686973206973206120746573740A),
    ('566c2a84-0225-11ed-99ae-ce0d0edff301', 'testuser57@venus.com', 'Super Secret', '.txt', '2022-07-04', 0x54686973206973206120746573740A),
    ('566c2ae8-0225-11ed-99ae-ce0d0edff301', 'testuser58@venus.com', 'Super Secret', '.txt', '2022-07-04', 0x54686973206973206120746573740A),
    ('566c2b56-0225-11ed-99ae-ce0d0edff301', 'testuser59@venus.com', 'Super Secret', '.txt', '2022-07-04', 0x54686973206973206120746573740A),
    ('566c2bc4-0225-11ed-99ae-ce0d0edff301', 'testuser60@venus.com', 'Super Secret', '.txt', '2022-07-04', 0x54686973206973206120746573740A),
    ('566c2c28-0225-11ed-99ae-ce0d0edff301', 'testuser61@venus.com', 'Super Secret', '.txt', '2022-07-04', 0x54686973206973206120746573740A),
    ('566c2c96-0225-11ed-99ae-ce0d0edff301', 'testuser62@venus.com', 'Super Secret', '.txt', '2022-07-04', 0x54686973206973206120746573740A),
    ('566c2d04-0225-11ed-99ae-ce0d0edff301', 'testuser63@venus.com', 'Super Secret', '.txt', '2022-07-04', 0x54686973206973206120746573740A),
    ('566c2d72-0225-11ed-99ae-ce0d0edff301', 'testuser64@venus.com', 'Super Secret', '.txt', '2022-07-04', 0x54686973206973206120746573740A),
    ('566c2dd6-0225-11ed-99ae-ce0d0edff301', 'testuser65@venus.com', 'Super Secret', '.txt', '2022-07-04', 0x54686973206973206120746573740A),
    ('566c2e44-0225-11ed-99ae-ce0d0edff301', 'testuser66@venus.com', 'Super Secret', '.txt', '2022-07-04', 0x54686973206973206120746573740A),
    ('566c2eb2-0225-11ed-99ae-ce0d0edff301', 'testuser67@venus.com', 'Super Secret', '.txt', '2022-07-04', 0x54686973206973206120746573740A),
    ('566c2f16-0225-11ed-99ae-ce0d0edff301', 'testuser68@venus.com', 'Super Secret', '.txt', '2022-07-04', 0x54686973206973206120746573740A),
    ('566c2f84-0225-11ed-99ae-ce0d0edff301', 'testuser69@venus.com', 'Super Secret', '.txt', '2022-07-04', 0x54686973206973206120746573740A),
    ('566c2ff2-0225-11ed-99ae-ce0d0edff301', 'testuser70@venus.com', 'Super Secret', '.txt', '2022-07-04', 0x54686973206973206120746573740A),
    ('566c3060-0225-11ed-99ae-ce0d0edff301', 'testuser71@venus.com', 'Super Secret', '.txt', '2022-07-04', 0x54686973206973206120746573740A),
    ('566c30c4-0225-11ed-99ae-ce0d0edff301', 'testuser72@venus.com', 'Super Secret', '.txt', '2022-07-04', 0x54686973206973206120746573740A),
    ('566c3132-0225-11ed-99ae-ce0d0edff301', 'testuser73@venus.com', 'Super Secret', '.txt', '2022-07-04', 0x54686973206973206120746573740A),
    ('566c31a0-0225-11ed-99ae-ce0d0edff301', 'testuser74@venus.com', 'Super Secret', '.txt', '2022-07-04', 0x54686973206973206120746573740A),
    ('566c3204-0225-11ed-99ae-ce0d0edff301', 'testuser75@venus.com', 'Super Secret', '.txt', '2022-07-04', 0x54686973206973206120746573740A),
    ('566c3272-0225-11ed-99ae-ce0d0edff301', 'testuser76@venus.com', 'Super Secret', '.txt', '2022-07-04', 0x54686973206973206120746573740A),
    ('566c32e0-0225-11ed-99ae-ce0d0edff301', 'testuser77@venus.com', 'Super Secret', '.txt', '2022-07-04', 0x54686973206973206120746573740A),
    ('566c334e-0225-11ed-99ae-ce0d0edff301', 'testuser78@venus.com', 'Super Secret', '.txt', '2022-07-04', 0x54686973206973206120746573740A),
    ('566c33bc-0225-11ed-99ae-ce0d0edff301', 'testuser79@venus.com', 'Super Secret', '.txt', '2022-07-04', 0x54686973206973206120746573740A),
    ('566c3420-0225-11ed-99ae-ce0d0edff301', 'testuser80@venus.com', 'Super Secret', '.txt', '2022-07-04', 0x54686973206973206120746573740A),
    ('566c348e-0225-11ed-99ae-ce0d0edff301', 'testuser81@venus.com', 'Super Secret', '.txt', '2022-07-04', 0x54686973206973206120746573740A),
    ('566c34fc-0225-11ed-99ae-ce0d0edff301', 'testuser82@venus.com', 'Super Secret', '.txt', '2022-07-04', 0x54686973206973206120746573740A),
    ('566c356a-0225-11ed-99ae-ce0d0edff301', 'testuser83@venus.com', 'Super Secret', '.txt', '2022-07-04', 0x54686973206973206120746573740A),
    ('566c35ce-0225-11ed-99ae-ce0d0edff301', 'testuser84@venus.com', 'Super Secret', '.txt', '2022-07-04', 0x54686973206973206120746573740A),
    ('566c363c-0225-11ed-99ae-ce0d0edff301', 'testuser85@venus.com', 'Super Secret', '.txt', '2022-07-04', 0x54686973206973206120746573740A),
    ('566c36aa-0225-11ed-99ae-ce0d0edff301', 'testuser86@venus.com', 'Super Secret', '.txt', '2022-07-04', 0x54686973206973206120746573740A),
    ('566c370e-0225-11ed-99ae-ce0d0edff301', 'testuser87@venus.com', 'Super Secret', '.txt', '2022-07-04', 0x54686973206973206120746573740A),
    ('566c377c-0225-11ed-99ae-ce0d0edff301', 'testuser88@venus.com', 'Super Secret', '.txt', '2022-07-04', 0x54686973206973206120746573740A),
    ('566c37ea-0225-11ed-99ae-ce0d0edff301', 'testuser89@venus.com', 'Super Secret', '.txt', '2022-07-04', 0x54686973206973206120746573740A),
    ('566c384e-0225-11ed-99ae-ce0d0edff301', 'testuser90@venus.com', 'Super Secret', '.txt', '2022-07-04', 0x54686973206973206120746573740A),
    ('566c38bc-0225-11ed-99ae-ce0d0edff301', 'testuser91@venus.com', 'Super Secret', '.txt', '2022-07-04', 0x54686973206973206120746573740A),
    ('566c392a-0225-11ed-99ae-ce0d0edff301', 'testuser92@venus.com', 'Super Secret', '.txt', '2022-07-04', 0x54686973206973206120746573740A),
    ('566c3998-0225-11ed-99ae-ce0d0edff301', 'testuser93@venus.com', 'Super Secret', '.txt', '2022-07-04', 0x54686973206973206120746573740A),
    ('566c39fc-0225-11ed-99ae-ce0d0edff301', 'testuser94@venus.com', 'Super Secret', '.txt', '2022-07-04', 0x54686973206973206120746573740A),
    ('566c3a74-0225-11ed-99ae-ce0d0edff301', 'testuser95@venus.com', 'Super Secret', '.txt', '2022-07-04', 0x54686973206973206120746573740A),
    ('566c3ad8-0225-11ed-99ae-ce0d0edff301', 'testuser96@venus.com', 'Super Secret', '.txt', '2022-07-04', 0x54686973206973206120746573740A),
    ('566c3b46-0225-11ed-99ae-ce0d0edff301', 'testuser97@venus.com', 'Super Secret', '.txt', '2022-07-04', 0x54686973206973206120746573740A),
    ('566c3bb4-0225-11ed-99ae-ce0d0edff301', 'testuser98@venus.com', 'Super Secret', '.txt', '2022-07-04', 0x54686973206973206120746573740A),
    ('566c3c18-0225-11ed-99ae-ce0d0edff301', 'testuser99@venus.com', 'Super Secret', '.txt', '2022-07-04', 0x54686973206973206120746573740A),
    ('566c3c86-0225-11ed-99ae-ce0d0edff301', 'testuser100@venus.com', 'Super Secret', '.txt', '2022-07-04', 0x54686973206973206120746573740A),
    ('566c3cf4-0225-11ed-99ae-ce0d0edff301', 'testuser101@venus.com', 'Super Secret', '.txt', '2022-07-04', 0x54686973206973206120746573740A),
    ('566c3d62-0225-11ed-99ae-ce0d0edff301', 'testuser102@venus.com', 'Super Secret', '.txt', '2022-07-04', 0x54686973206973206120746573740A),
    ('566c3dc6-0225-11ed-99ae-ce0d0edff301', 'testuser103@venus.com', 'Super Secret', '.txt', '2022-07-04', 0x54686973206973206120746573740A),
    ('566c3e3e-0225-11ed-99ae-ce0d0edff301', 'testuser104@venus.com', 'Super Secret', '.txt', '2022-07-04', 0x54686973206973206120746573740A),
    ('566c3ea2-0225-11ed-99ae-ce0d0edff301', 'testuser105@venus.com', 'Super Secret', '.txt', '2022-07-04', 0x54686973206973206120746573740A),
    ('566c3f10-0225-11ed-99ae-ce0d0edff301', 'testuser106@venus.com', 'Super Secret', '.txt', '2022-07-04', 0x54686973206973206120746573740A),
    ('566c3f7e-0225-11ed-99ae-ce0d0edff301', 'testuser107@venus.com', 'Super Secret', '.txt', '2022-07-04', 0x54686973206973206120746573740A),
    ('566c3fec-0225-11ed-99ae-ce0d0edff301', 'testuser108@venus.com', 'Super Secret', '.txt', '2022-07-04', 0x54686973206973206120746573740A),
    ('566c405a-0225-11ed-99ae-ce0d0edff301', 'testuser109@venus.com', 'Super Secret', '.txt', '2022-07-04', 0x54686973206973206120746573740A),
    ('566c40c8-0225-11ed-99ae-ce0d0edff301', 'testuser110@venus.com', 'Super Secret', '.txt', '2022-07-04', 0x54686973206973206120746573740A),
    ('566c4136-0225-11ed-99ae-ce0d0edff301', 'testuser111@venus.com', 'Super Secret', '.txt', '2022-07-04', 0x54686973206973206120746573740A),
    ('566c419a-0225-11ed-99ae-ce0d0edff301', 'testuser112@venus.com', 'Super Secret', '.txt', '2022-07-04', 0x54686973206973206120746573740A),
    ('566c4212-0225-11ed-99ae-ce0d0edff301', 'testuser113@venus.com', 'Super Secret', '.txt', '2022-07-04', 0x54686973206973206120746573740A),
    ('566c4276-0225-11ed-99ae-ce0d0edff301', 'testuser114@venus.com', 'Super Secret', '.txt', '2022-07-04', 0x54686973206973206120746573740A),
    ('566c42e4-0225-11ed-99ae-ce0d0edff301', 'testuser115@venus.com', 'Super Secret', '.txt', '2022-07-04', 0x54686973206973206120746573740A),
    ('566c4352-0225-11ed-99ae-ce0d0edff301', 'testuser116@venus.com', 'Super Secret', '.txt', '2022-07-04', 0x54686973206973206120746573740A),
    ('566c43c0-0225-11ed-99ae-ce0d0edff301', 'testuser117@venus.com', 'Super Secret', '.txt', '2022-07-04', 0x54686973206973206120746573740A),
    ('566c442e-0225-11ed-99ae-ce0d0edff301', 'testuser118@venus.com', 'Super Secret', '.txt', '2022-07-04', 0x54686973206973206120746573740A),
    ('566c449c-0225-11ed-99ae-ce0d0edff301', 'testuser119@venus.com', 'Super Secret', '.txt', '2022-07-04', 0x54686973206973206120746573740A),
    ('566c450a-0225-11ed-99ae-ce0d0edff301', 'testuser120@venus.com', 'Super Secret', '.txt', '2022-07-04', 0x54686973206973206120746573740A),
    ('566c456e-0225-11ed-99ae-ce0d0edff301', 'testuser121@venus.com', 'Super Secret', '.txt', '2022-07-04', 0x54686973206973206120746573740A),
    ('566c45dc-0225-11ed-99ae-ce0d0edff301', 'testuser122@venus.com', 'Super Secret', '.txt', '2022-07-04', 0x54686973206973206120746573740A),
    ('566c4640-0225-11ed-99ae-ce0d0edff301', 'testuser123@venus.com', 'Super Secret', '.txt', '2022-07-04', 0x54686973206973206120746573740A),
    ('566c46ae-0225-11ed-99ae-ce0d0edff301', 'testuser124@venus.com', 'Super Secret', '.txt', '2022-07-04', 0x54686973206973206120746573740A),
    ('566c471c-0225-11ed-99ae-ce0d0edff301', 'testuser125@venus.com', 'Super Secret', '.txt', '2022-07-04', 0x54686973206973206120746573740A),
    ('566c478a-0225-11ed-99ae-ce0d0edff301', 'testuser126@venus.com', 'Super Secret', '.txt', '2022-07-04', 0x54686973206973206120746573740A),
    ('566c47f8-0225-11ed-99ae-ce0d0edff301', 'testuser127@venus.com', 'Super Secret', '.txt', '2022-07-04', 0x54686973206973206120746573740A),
    ('566c4866-0225-11ed-99ae-ce0d0edff301', 'testuser128@venus.com', 'Super Secret', '.txt', '2022-07-04', 0x54686973206973206120746573740A),
    ('566c48d4-0225-11ed-99ae-ce0d0edff301', 'testuser129@venus.com', 'Super Secret', '.txt', '2022-07-04', 0x54686973206973206120746573740A),
    ('566c4942-0225-11ed-99ae-ce0d0edff301', 'testuser130@venus.com', 'Super Secret', '.txt', '2022-07-04', 0x54686973206973206120746573740A),
    ('566c49b0-0225-11ed-99ae-ce0d0edff301', 'testuser131@venus.com', 'Super Secret', '.txt', '2022-07-04', 0x54686973206973206120746573740A),
    ('566c4a14-0225-11ed-99ae-ce0d0edff301', 'testuser132@venus.com', 'Super Secret', '.txt', '2022-07-04', 0x54686973206973206120746573740A),
    ('566c4a82-0225-11ed-99ae-ce0d0edff301', 'testuser133@venus.com', 'Super Secret', '.txt', '2022-07-04', 0x54686973206973206120746573740A),
    ('566c4b18-0225-11ed-99ae-ce0d0edff301', 'testuser134@venus.com', 'Super Secret', '.txt', '2022-07-04', 0x54686973206973206120746573740A),
    ('566c4b86-0225-11ed-99ae-ce0d0edff301', 'testuser135@venus.com', 'Super Secret', '.txt', '2022-07-04', 0x54686973206973206120746573740A),
    ('566c4bf4-0225-11ed-99ae-ce0d0edff301', 'testuser136@venus.com', 'Super Secret', '.txt', '2022-07-04', 0x54686973206973206120746573740A),
    ('566c4c62-0225-11ed-99ae-ce0d0edff301', 'testuser137@venus.com', 'Super Secret', '.txt', '2022-07-04', 0x54686973206973206120746573740A),
    ('566c4cd0-0225-11ed-99ae-ce0d0edff301', 'testuser138@venus.com', 'Super Secret', '.txt', '2022-07-04', 0x54686973206973206120746573740A),
    ('566c4d34-0225-11ed-99ae-ce0d0edff301', 'testuser139@venus.com', 'Super Secret', '.txt', '2022-07-04', 0x54686973206973206120746573740A),
    ('566c4da2-0225-11ed-99ae-ce0d0edff301', 'testuser140@venus.com', 'Super Secret', '.txt', '2022-07-04', 0x54686973206973206120746573740A),
    ('566c4e10-0225-11ed-99ae-ce0d0edff301', 'testuser141@venus.com', 'Super Secret', '.txt', '2022-07-04', 0x54686973206973206120746573740A),
    ('566c4e7e-0225-11ed-99ae-ce0d0edff301', 'testuser142@venus.com', 'Super Secret', '.txt', '2022-07-04', 0x54686973206973206120746573740A),
    ('566c4eec-0225-11ed-99ae-ce0d0edff301', 'testuser143@venus.com', 'Super Secret', '.txt', '2022-07-04', 0x54686973206973206120746573740A),
    ('566c4f50-0225-11ed-99ae-ce0d0edff301', 'testuser144@venus.com', 'Super Secret', '.txt', '2022-07-04', 0x54686973206973206120746573740A),
    ('566c4fbe-0225-11ed-99ae-ce0d0edff301', 'testuser145@venus.com', 'Super Secret', '.txt', '2022-07-04', 0x54686973206973206120746573740A),
    ('566c502c-0225-11ed-99ae-ce0d0edff301', 'testuser146@venus.com', 'Super Secret', '.txt', '2022-07-04', 0x54686973206973206120746573740A),
    ('566c5090-0225-11ed-99ae-ce0d0edff301', 'testuser147@venus.com', 'Super Secret', '.txt', '2022-07-04', 0x54686973206973206120746573740A),
    ('566c50fe-0225-11ed-99ae-ce0d0edff301', 'testuser148@venus.com', 'Super Secret', '.txt', '2022-07-04', 0x54686973206973206120746573740A),
    ('566c516c-0225-11ed-99ae-ce0d0edff301', 'testuser149@venus.com', 'Super Secret', '.txt', '2022-07-04', 0x54686973206973206120746573740A),
    ('566c51da-0225-11ed-99ae-ce0d0edff301', 'testuser150@venus.com', 'Super Secret', '.txt', '2022-07-04', 0x54686973206973206120746573740A),
    ('566c523e-0225-11ed-99ae-ce0d0edff301', 'testuser151@venus.com', 'Super Secret', '.txt', '2022-07-04', 0x54686973206973206120746573740A),
    ('566c52b6-0225-11ed-99ae-ce0d0edff301', 'testuser152@venus.com', 'Super Secret', '.txt', '2022-07-04', 0x54686973206973206120746573740A),
    ('566c531a-0225-11ed-99ae-ce0d0edff301', 'testuser153@venus.com', 'Super Secret', '.txt', '2022-07-04', 0x54686973206973206120746573740A),
    ('566c5388-0225-11ed-99ae-ce0d0edff301', 'testuser154@venus.com', 'Super Secret', '.txt', '2022-07-04', 0x54686973206973206120746573740A),
    ('566c53f6-0225-11ed-99ae-ce0d0edff301', 'testuser155@venus.com', 'Super Secret', '.txt', '2022-07-04', 0x54686973206973206120746573740A),
    ('566c5464-0225-11ed-99ae-ce0d0edff301', 'testuser156@venus.com', 'Super Secret', '.txt', '2022-07-04', 0x54686973206973206120746573740A),
    ('566c54c8-0225-11ed-99ae-ce0d0edff301', 'testuser157@venus.com', 'Super Secret', '.txt', '2022-07-04', 0x54686973206973206120746573740A),
    ('566c5536-0225-11ed-99ae-ce0d0edff301', 'testuser158@venus.com', 'Super Secret', '.txt', '2022-07-04', 0x54686973206973206120746573740A),
    ('566c55a4-0225-11ed-99ae-ce0d0edff301', 'testuser159@venus.com', 'Super Secret', '.txt', '2022-07-04', 0x54686973206973206120746573740A),
    ('566c5612-0225-11ed-99ae-ce0d0edff301', 'testuser160@venus.com', 'Super Secret', '.txt', '2022-07-04', 0x54686973206973206120746573740A),
    ('566c5680-0225-11ed-99ae-ce0d0edff301', 'testuser161@venus.com', 'Super Secret', '.txt', '2022-07-04', 0x54686973206973206120746573740A),
    ('566c56ee-0225-11ed-99ae-ce0d0edff301', 'testuser162@venus.com', 'Super Secret', '.txt', '2022-07-04', 0x54686973206973206120746573740A),
    ('566c575c-0225-11ed-99ae-ce0d0edff301', 'testuser163@venus.com', 'Super Secret', '.txt', '2022-07-04', 0x54686973206973206120746573740A),
    ('566c57ca-0225-11ed-99ae-ce0d0edff301', 'testuser164@venus.com', 'Super Secret', '.txt', '2022-07-04', 0x54686973206973206120746573740A),
    ('566c5838-0225-11ed-99ae-ce0d0edff301', 'testuser165@venus.com', 'Super Secret', '.txt', '2022-07-04', 0x54686973206973206120746573740A),
    ('566c58a6-0225-11ed-99ae-ce0d0edff301', 'testuser166@venus.com', 'Super Secret', '.txt', '2022-07-04', 0x54686973206973206120746573740A),
    ('566c5914-0225-11ed-99ae-ce0d0edff301', 'testuser167@venus.com', 'Super Secret', '.txt', '2022-07-04', 0x54686973206973206120746573740A),
    ('566c5978-0225-11ed-99ae-ce0d0edff301', 'testuser168@venus.com', 'Super Secret', '.txt', '2022-07-04', 0x54686973206973206120746573740A),
    ('566c59e6-0225-11ed-99ae-ce0d0edff301', 'testuser169@venus.com', 'Super Secret', '.txt', '2022-07-04', 0x54686973206973206120746573740A),
    ('566c5b30-0225-11ed-99ae-ce0d0edff301', 'testuser170@venus.com', 'Super Secret', '.txt', '2022-07-04', 0x54686973206973206120746573740A),
    ('566c5ba8-0225-11ed-99ae-ce0d0edff301', 'testuser171@venus.com', 'Super Secret', '.txt', '2022-07-04', 0x54686973206973206120746573740A),
    ('566c5c16-0225-11ed-99ae-ce0d0edff301', 'testuser172@venus.com', 'Super Secret', '.txt', '2022-07-04', 0x54686973206973206120746573740A),
    ('566c5c7a-0225-11ed-99ae-ce0d0edff301', 'testuser173@venus.com', 'Super Secret', '.txt', '2022-07-04', 0x54686973206973206120746573740A),
    ('566c5ce8-0225-11ed-99ae-ce0d0edff301', 'testuser174@venus.com', 'Super Secret', '.txt', '2022-07-04', 0x54686973206973206120746573740A),
    ('566c5d56-0225-11ed-99ae-ce0d0edff301', 'testuser175@venus.com', 'Super Secret', '.txt', '2022-07-04', 0x54686973206973206120746573740A),
    ('566c5dc4-0225-11ed-99ae-ce0d0edff301', 'testuser176@venus.com', 'Super Secret', '.txt', '2022-07-04', 0x54686973206973206120746573740A),
    ('566c5e32-0225-11ed-99ae-ce0d0edff301', 'testuser177@venus.com', 'Super Secret', '.txt', '2022-07-04', 0x54686973206973206120746573740A),
    ('566c5ea0-0225-11ed-99ae-ce0d0edff301', 'testuser178@venus.com', 'Super Secret', '.txt', '2022-07-04', 0x54686973206973206120746573740A),
    ('566c5f0e-0225-11ed-99ae-ce0d0edff301', 'testuser179@venus.com', 'Super Secret', '.txt', '2022-07-04', 0x54686973206973206120746573740A),
    ('566c5f7c-0225-11ed-99ae-ce0d0edff301', 'testuser180@venus.com', 'Super Secret', '.txt', '2022-07-04', 0x54686973206973206120746573740A),
    ('566c5fe0-0225-11ed-99ae-ce0d0edff301', 'testuser181@venus.com', 'Super Secret', '.txt', '2022-07-04', 0x54686973206973206120746573740A),
    ('566c604e-0225-11ed-99ae-ce0d0edff301', 'testuser182@venus.com', 'Super Secret', '.txt', '2022-07-04', 0x54686973206973206120746573740A),
    ('566c60bc-0225-11ed-99ae-ce0d0edff301', 'testuser183@venus.com', 'Super Secret', '.txt', '2022-07-04', 0x54686973206973206120746573740A),
    ('566c647c-0225-11ed-99ae-ce0d0edff301', 'testuser184@venus.com', 'Super Secret', '.txt', '2022-07-04', 0x54686973206973206120746573740A),
    ('566c65ee-0225-11ed-99ae-ce0d0edff301', 'testuser185@venus.com', 'Super Secret', '.txt', '2022-07-04', 0x54686973206973206120746573740A),
    ('566c6670-0225-11ed-99ae-ce0d0edff301', 'testuser186@venus.com', 'Super Secret', '.txt', '2022-07-04', 0x54686973206973206120746573740A),
    ('566c66ca-0225-11ed-99ae-ce0d0edff301', 'testuser187@venus.com', 'Super Secret', '.txt', '2022-07-04', 0x54686973206973206120746573740A),
    ('566c6724-0225-11ed-99ae-ce0d0edff301', 'testuser188@venus.com', 'Super Secret', '.txt', '2022-07-04', 0x54686973206973206120746573740A),
    ('566c677e-0225-11ed-99ae-ce0d0edff301', 'testuser189@venus.com', 'Super Secret', '.txt', '2022-07-04', 0x54686973206973206120746573740A),
    ('566c67ce-0225-11ed-99ae-ce0d0edff301', 'testuser190@venus.com', 'Super Secret', '.txt', '2022-07-04', 0x54686973206973206120746573740A),
    ('566c6828-0225-11ed-99ae-ce0d0edff301', 'testuser191@venus.com', 'Super Secret', '.txt', '2022-07-04', 0x54686973206973206120746573740A),
    ('566c6878-0225-11ed-99ae-ce0d0edff301', 'testuser192@venus.com', 'Super Secret', '.txt', '2022-07-04', 0x54686973206973206120746573740A),
    ('566c68c8-0225-11ed-99ae-ce0d0edff301', 'testuser193@venus.com', 'Super Secret', '.txt', '2022-07-04', 0x54686973206973206120746573740A),
    ('566c6922-0225-11ed-99ae-ce0d0edff301', 'testuser194@venus.com', 'Super Secret', '.txt', '2022-07-04', 0x54686973206973206120746573740A),
    ('566c6972-0225-11ed-99ae-ce0d0edff301', 'testuser195@venus.com', 'Super Secret', '.txt', '2022-07-04', 0x54686973206973206120746573740A),
    ('566c69c2-0225-11ed-99ae-ce0d0edff301', 'testuser196@venus.com', 'Super Secret', '.txt', '2022-07-04', 0x54686973206973206120746573740A),
    ('566c6a1c-0225-11ed-99ae-ce0d0edff301', 'testuser197@venus.com', 'Super Secret', '.txt', '2022-07-04', 0x54686973206973206120746573740A),
    ('566c6a6c-0225-11ed-99ae-ce0d0edff301', 'testuser198@venus.com', 'Super Secret', '.txt', '2022-07-04', 0x54686973206973206120746573740A),
    ('566c6ac6-0225-11ed-99ae-ce0d0edff301', 'testuser199@venus.com', 'Super Secret', '.txt', '2022-07-04', 0x54686973206973206120746573740A),
    ('566ba5e6-0225-11ed-99ae-ce0d0edff301', 'testuser200@venus.com', 'Super Secret', '.txt', '2022-07-04', 0x54686973206973206120746573740A);


-- Insert initial news & events 
INSERT INTO news (newsid, title, bodytext, newsdate, timepublished, author) values
    (1, 'This is a news article!', ' Lorem ipsum dolor sit amet, consectetur adipiscing elit. Cras aliquam dolor nisl, at ullamcorper magna viverra nec. Praesent varius mi pellentesque laoreet convallis. Sed et tincidunt est. Mauris fermentum tincidunt quam at fringilla. Praesent mauris ante, viverra ac auctor ut, tincidunt eget erat. Proin odio quam, consequat vitae egestas nec, molestie eget ex. Duis sollicitudin imperdiet orci, quis pellentesque mi ultricies quis. Etiam et enim semper nunc fermentum consectetur ac at urna. Maecenas id diam a nisi imperdiet egestas. Nullam bibendum purus vitae libero facilisis elementum. Curabitur a dolor posuere, luctus ipsum iaculis, malesuada lectus. Praesent iaculis ipsum nec laoreet suscipit.\nSed ullamcorper tortor libero, aliquam condimentum arcu sodales lobortis. Nam lobortis interdum massa, eget euismod metus tempus a. Suspendisse aliquam ultricies nunc, vitae placerat ante pretium ac. Aliquam erat volutpat. Pellentesque habitant morbi tristique senectus et netus et malesuada fames ac turpis egestas. Pellentesque eu dignissim lorem. Duis pellentesque arcu metus, quis congue tellus scelerisque eget. Ut sit amet velit porta, sodales enim et, fringilla libero. Vestibulum nec euismod ipsum. Donec at metus laoreet, laoreet urna sit amet, rhoncus neque. Nunc tempus nunc quis tortor hendrerit, sit amet congue purus fermentum. In lacinia aliquam felis, sed ornare lectus consectetur a. Quisque porta turpis justo. ', '29.5.2022', 1656310883, 'Anton Nikitenko');

-- Insert initial Contact Us
INSERT INTO contactus (user_name, email, message) values
    ('John Oliver', 'johnoliver@venus.com', 'Hello everyone, how are you all doing!');
